,Asset_Name,timestamp,Close,Close_diff,%Change
9520,Monero,2018-01-01,329.46,,
9521,Monero,2018-01-02,340.345,10.885000000000048,
9522,Monero,2018-01-03,365.16,24.814999999999998,127.97427652733018
9523,Monero,2018-01-04,385.03,19.869999999999948,-19.927463227886566
9524,Monero,2018-01-05,371.0,-14.029999999999973,-170.6089582284852
9525,Monero,2018-01-06,356.125,-14.875,6.022808267997348
9526,Monero,2018-01-07,391.845,35.72000000000003,-340.1344537815128
9527,Monero,2018-01-08,397.41,5.564999999999998,-84.42049272116463
9528,Monero,2018-01-09,401.285,3.875,-30.368373764600154
9529,Monero,2018-01-10,410.0,8.714999999999975,124.90322580645095
9530,Monero,2018-01-11,403.05,-6.949999999999989,-179.7475616752726
9531,Monero,2018-01-12,352.38,-50.670000000000016,629.0647482014402
9532,Monero,2018-01-13,389.0,36.620000000000005,-172.2715610815078
9533,Monero,2018-01-14,415.12,26.120000000000005,-28.672856362643362
9534,Monero,2018-01-15,392.61,-22.50999999999999,-186.17917304747317
9535,Monero,2018-01-16,413.405,20.79499999999996,-192.38116392714335
9536,Monero,2018-01-17,316.215,-97.19,-567.3719644145236
9537,Monero,2018-01-18,320.33,4.115000000000009,-104.23397468875399
9538,Monero,2018-01-19,310.855,-9.474999999999966,-330.25516403402054
9539,Monero,2018-01-20,366.775,55.91999999999996,-690.1846965699225
9540,Monero,2018-01-21,382.2,15.425000000000011,-72.41595135908436
9541,Monero,2018-01-22,347.04,-35.15999999999997,-327.9416531604534
9542,Monero,2018-01-23,314.44,-32.60000000000002,-7.281001137656284
9543,Monero,2018-01-24,307.31,-7.1299999999999955,-78.12883435582825
9544,Monero,2018-01-25,319.025,11.714999999999975,-264.3057503506309
9545,Monero,2018-01-26,315.47,-3.55499999999995,-130.34571062740042
9546,Monero,2018-01-27,322.85,7.3799999999999955,-307.59493670886354
9547,Monero,2018-01-28,323.685,0.8349999999999795,-88.68563685636883
9548,Monero,2018-01-29,334.21,10.524999999999977,1160.479041916196
9549,Monero,2018-01-30,315.68,-18.529999999999973,-276.05700712589083
9550,Monero,2018-01-31,273.08,-42.60000000000002,129.89746357258545
9551,Monero,2018-02-01,273.81,0.7300000000000182,-101.71361502347422
9552,Monero,2018-02-02,242.99,-30.819999999999993,-4321.917808219072
9553,Monero,2018-02-03,238.32,-4.670000000000016,-84.84750162232311
9554,Monero,2018-02-04,252.35,14.030000000000001,-400.4282655246243
9555,Monero,2018-02-05,216.5,-35.849999999999994,-355.52387740555946
9556,Monero,2018-02-06,178.025,-38.474999999999994,7.322175732217584
9557,Monero,2018-02-07,209.4,31.375,-181.54645873944122
9558,Monero,2018-02-08,207.07,-2.3300000000000125,-107.42629482071717
9559,Monero,2018-02-09,246.17,39.099999999999994,-1778.1115879828235
9560,Monero,2018-02-10,257.67,11.500000000000028,-70.58823529411757
9561,Monero,2018-02-11,246.24,-11.430000000000007,-199.3913043478259
9562,Monero,2018-02-12,227.95,-18.29000000000002,60.01749781277348
9563,Monero,2018-02-13,247.635,19.685000000000002,-207.62711864406768
9564,Monero,2018-02-14,232.91,-14.724999999999994,-174.80314960629917
9565,Monero,2018-02-15,274.47,41.56000000000003,-382.24108658743666
9566,Monero,2018-02-16,295.03,20.559999999999945,-50.529355149182074
9567,Monero,2018-02-17,292.16,-2.8699999999999477,-113.95914396887137
9568,Monero,2018-02-18,320.38,28.21999999999997,-1083.2752613240586
9569,Monero,2018-02-19,293.33,-27.05000000000001,-195.85400425230347
9570,Monero,2018-02-20,314.0,20.670000000000016,-176.41404805914976
9571,Monero,2018-02-21,297.34,-16.660000000000025,-180.59990324141273
9572,Monero,2018-02-22,306.97,9.630000000000052,-157.80312124849962
9573,Monero,2018-02-23,272.64,-34.33000000000004,-456.4901349948064
9574,Monero,2018-02-24,277.19,4.550000000000011,-113.25371395281097
9575,Monero,2018-02-25,265.75,-11.439999999999998,-351.42857142857076
9576,Monero,2018-02-26,276.935,11.185000000000002,-197.77097902097907
9577,Monero,2018-02-27,290.36,13.425000000000011,20.026821636119884
9578,Monero,2018-02-28,299.22,8.860000000000014,-34.003724394785806
9579,Monero,2018-03-01,284.135,-15.085000000000036,-270.25959367945836
9580,Monero,2018-03-02,311.87,27.735000000000014,-283.858137222406
9581,Monero,2018-03-03,343.36,31.49000000000001,13.538849828736232
9582,Monero,2018-03-04,349.0,5.639999999999986,-82.08955223880602
9583,Monero,2018-03-05,368.0,19.0,236.8794326241143
9584,Monero,2018-03-06,366.24,-1.759999999999991,-109.26315789473679
9585,Monero,2018-03-07,342.94,-23.30000000000001,1223.8636363636438
9586,Monero,2018-03-08,335.405,-7.535000000000025,-67.6609442060085
9587,Monero,2018-03-09,275.12,-60.28499999999997,700.0663570006604
9588,Monero,2018-03-10,285.63,10.509999999999991,-117.43385585137264
9589,Monero,2018-03-11,253.4,-32.22999999999999,-406.66032350142734
9590,Monero,2018-03-12,279.85,26.450000000000017,-182.06639776605655
9591,Monero,2018-03-13,256.605,-23.245000000000005,-187.88279773156896
9592,Monero,2018-03-14,247.68,-8.925000000000011,-61.60464616046457
9593,Monero,2018-03-15,213.39,-34.29000000000002,284.20168067226865
9594,Monero,2018-03-16,211.64,-1.75,-94.89647127442403
9595,Monero,2018-03-17,213.805,2.1650000000000205,-223.71428571428692
9596,Monero,2018-03-18,194.93,-18.875,-971.8244803695068
9597,Monero,2018-03-19,209.36,14.430000000000007,-176.45033112582786
9598,Monero,2018-03-20,215.71,6.349999999999994,-55.99445599445605
9599,Monero,2018-03-21,223.29,7.579999999999984,19.370078740157325
9600,Monero,2018-03-22,216.67,-6.6200000000000045,-187.3350923482852
9601,Monero,2018-03-23,210.91,-5.759999999999991,-12.990936555891441
9602,Monero,2018-03-24,214.68,3.7700000000000102,-165.45138888888917
9603,Monero,2018-03-25,206.09,-8.590000000000003,-327.85145888594116
9604,Monero,2018-03-26,210.66,4.569999999999993,-153.20139697322458
9605,Monero,2018-03-27,195.47,-15.189999999999998,-432.3851203501098
9606,Monero,2018-03-28,186.35,-9.120000000000005,-39.960500329163885
9607,Monero,2018-03-29,198.68,12.330000000000013,-235.1973684210527
9608,Monero,2018-03-30,174.81,-23.870000000000005,-293.59286293592845
9609,Monero,2018-03-31,172.4,-2.4099999999999966,-89.90364474235444
9610,Monero,2018-04-01,178.09,5.689999999999998,-336.09958506224086
9611,Monero,2018-04-02,174.54,-3.5500000000000114,-162.39015817223222
9612,Monero,2018-04-03,176.33,1.7900000000000205,-150.42253521126804
9613,Monero,2018-04-04,188.52,12.189999999999998,581.0055865921709
9614,Monero,2018-04-05,168.92,-19.600000000000023,-260.78753076292065
9615,Monero,2018-04-06,171.9,2.980000000000018,-115.20408163265314
9616,Monero,2018-04-07,161.2,-10.700000000000017,-459.0604026845622
9617,Monero,2018-04-08,169.02,7.820000000000022,-173.08411214953279
9618,Monero,2018-04-09,174.0,4.97999999999999,-36.317135549872425
9619,Monero,2018-04-10,166.19,-7.810000000000002,-256.82730923694817
9620,Monero,2018-04-11,165.58,-0.6099999999999852,-92.18950064020505
9621,Monero,2018-04-12,168.99,3.4099999999999966,-659.016393442636
9622,Monero,2018-04-13,193.11,24.120000000000005,607.3313782991211
9623,Monero,2018-04-14,189.07,-4.0400000000000205,-116.74958540630192
9624,Monero,2018-04-15,190.3,1.2300000000000182,-130.44554455445575
9625,Monero,2018-04-16,200.9,10.599999999999994,761.7886178861656
9626,Monero,2018-04-17,194.03,-6.8700000000000045,-164.81132075471706
9627,Monero,2018-04-18,195.05,1.0200000000000102,-114.84716157205254
9628,Monero,2018-04-19,228.61,33.56,3190.1960784313396
9629,Monero,2018-04-20,237.71,9.099999999999994,-72.88438617401671
9630,Monero,2018-04-21,272.695,34.984999999999985,284.45054945054954
9631,Monero,2018-04-22,255.57,-17.125,-148.94954980706018
9632,Monero,2018-04-23,268.7,13.129999999999995,-176.6715328467153
9633,Monero,2018-04-24,283.03,14.329999999999984,9.139375476009048
9634,Monero,2018-04-25,292.335,9.305000000000007,-35.0662944870899
9635,Monero,2018-04-26,256.305,-36.02999999999997,-487.2111767866732
9636,Monero,2018-04-27,267.5,11.194999999999993,-131.0713294476825
9637,Monero,2018-04-28,250.775,-16.724999999999994,-249.39705225547124
9638,Monero,2018-04-29,260.89,10.11499999999998,-160.4783258594917
9639,Monero,2018-04-30,256.02,-4.8700000000000045,-148.14631735046976
9640,Monero,2018-05-01,241.46,-14.559999999999974,198.97330595482464
9641,Monero,2018-05-02,239.335,-2.125,-85.40521978021975
9642,Monero,2018-05-03,250.03,10.694999999999993,-603.2941176470584
9643,Monero,2018-05-04,244.975,-5.055000000000007,-147.26507713885002
9644,Monero,2018-05-05,241.95,-3.0250000000000057,-40.15825914935704
9645,Monero,2018-05-06,241.11,-0.839999999999975,-72.23140495867857
9646,Monero,2018-05-07,234.92,-6.190000000000026,636.904761904787
9647,Monero,2018-05-08,232.84,-2.079999999999984,-66.39741518578393
9648,Monero,2018-05-09,222.52,-10.319999999999993,396.15384615384966
9649,Monero,2018-05-10,227.14,4.619999999999976,-144.7674418604649
9650,Monero,2018-05-11,216.98,-10.159999999999997,-319.91341991342097
9651,Monero,2018-05-12,196.84,-20.139999999999986,98.22834645669285
9652,Monero,2018-05-13,201.07,4.22999999999999,-121.0029791459781
9653,Monero,2018-05-14,207.535,6.465000000000003,52.83687943262456
9654,Monero,2018-05-15,212.91,5.375,-16.860015467904145
9655,Monero,2018-05-16,202.78,-10.129999999999995,-288.46511627906966
9656,Monero,2018-05-17,198.76,-4.02000000000001,-60.31589338598211
9657,Monero,2018-05-18,190.18,-8.579999999999984,113.43283582089457
9658,Monero,2018-05-19,203.575,13.394999999999982,-256.1188811188812
9659,Monero,2018-05-20,197.34,-6.234999999999985,-146.54721911160874
9660,Monero,2018-05-21,203.6,6.259999999999991,-200.400962309543
9661,Monero,2018-05-22,198.09,-5.509999999999991,-188.01916932907346
9662,Monero,2018-05-23,175.225,-22.86500000000001,314.97277676951086
9663,Monero,2018-05-24,170.97,-4.2549999999999955,-81.39077192215179
9664,Monero,2018-05-25,171.12,0.15000000000000568,-103.52526439482975
9665,Monero,2018-05-26,164.45,-6.670000000000016,-4546.666666666509
9666,Monero,2018-05-27,164.6,0.15000000000000568,-102.24887556221898
9667,Monero,2018-05-28,166.14,1.539999999999992,926.6666666666225
9668,Monero,2018-05-29,149.71,-16.42999999999998,-1166.883116883121
9669,Monero,2018-05-30,157.49,7.780000000000001,-147.3524041387706
9670,Monero,2018-05-31,154.48,-3.0100000000000193,-138.68894601542442
9671,Monero,2018-06-01,155.33,0.8500000000000227,-128.23920265780788
9672,Monero,2018-06-02,157.52,2.1899999999999977,157.64705882352223
9673,Monero,2018-06-03,162.3,4.780000000000001,118.26484018264867
9674,Monero,2018-06-04,169.02,6.719999999999999,40.58577405857735
9675,Monero,2018-06-05,159.68,-9.340000000000003,-238.98809523809535
9676,Monero,2018-06-06,167.23,7.549999999999983,-180.83511777301905
9677,Monero,2018-06-07,164.56,-2.6699999999999875,-135.36423841059593
9678,Monero,2018-06-08,163.8,-0.7599999999999909,-71.53558052434478
9679,Monero,2018-06-09,158.4,-5.400000000000006,610.526315789483
9680,Monero,2018-06-10,154.4,-4.0,-25.92592592592601
9681,Monero,2018-06-11,139.53,-14.870000000000005,271.7500000000001
9682,Monero,2018-06-12,137.99,-1.539999999999992,-89.64357767316751
9683,Monero,2018-06-13,124.84,-13.150000000000006,753.8961038961087
9684,Monero,2018-06-14,121.61,-3.230000000000004,-75.43726235741443
9685,Monero,2018-06-15,132.85,11.239999999999995,-447.9876160990706
9686,Monero,2018-06-16,121.69,-11.159999999999997,-199.28825622775804
9687,Monero,2018-06-17,126.6,4.909999999999997,-143.9964157706093
9688,Monero,2018-06-18,123.2,-3.3999999999999915,-169.24643584521374
9689,Monero,2018-06-19,126.925,3.7249999999999943,-209.55882352941185
9690,Monero,2018-06-20,126.17,-0.7549999999999955,-120.26845637583882
9691,Monero,2018-06-21,122.5,-3.6700000000000017,386.0927152317912
9692,Monero,2018-06-22,123.31,0.8100000000000023,-122.07084468664856
9693,Monero,2018-06-23,110.25,-13.060000000000002,-1712.3456790123414
9694,Monero,2018-06-24,114.82,4.569999999999993,-134.99234303215923
9695,Monero,2018-06-25,121.1,6.280000000000001,37.41794310722124
9696,Monero,2018-06-26,126.81,5.710000000000008,-9.076433121019
9697,Monero,2018-06-27,119.89,-6.920000000000002,-221.19089316987726
9698,Monero,2018-06-28,128.63,8.739999999999995,-226.30057803468196
9699,Monero,2018-06-29,116.36,-12.269999999999996,-240.38901601830665
9700,Monero,2018-06-30,126.5,10.14,-182.64058679706605
9701,Monero,2018-07-01,131.03,4.530000000000001,-55.32544378698224
9702,Monero,2018-07-02,130.32,-0.710000000000008,-115.67328918322313
9703,Monero,2018-07-03,140.87,10.550000000000011,-1585.9154929577314
9704,Monero,2018-07-04,138.63,-2.240000000000009,-121.23222748815172
9705,Monero,2018-07-05,138.99,0.36000000000001364,-116.07142857142911
9706,Monero,2018-07-06,137.67,-1.3200000000000216,-466.6666666666588
9707,Monero,2018-07-07,132.91,-4.759999999999991,260.60606060605403
9708,Monero,2018-07-08,134.25,1.3400000000000034,-128.15126050420182
9709,Monero,2018-07-09,137.62,3.3700000000000045,151.49253731343256
9710,Monero,2018-07-10,135.0,-2.6200000000000045,-177.74480712166175
9711,Monero,2018-07-11,120.9,-14.099999999999994,438.1679389312966
9712,Monero,2018-07-12,124.79,3.8900000000000006,-127.58865248226951
9713,Monero,2018-07-13,120.59,-4.200000000000003,-207.9691516709512
9714,Monero,2018-07-14,121.64,1.0499999999999972,-124.99999999999991
9715,Monero,2018-07-15,123.0,1.3599999999999994,29.523809523809817
9716,Monero,2018-07-16,124.01,1.0100000000000051,-25.735294117646657
9717,Monero,2018-07-17,134.96,10.950000000000003,984.158415841579
9718,Monero,2018-07-18,143.89,8.929999999999978,-18.447488584475103
9719,Monero,2018-07-19,139.53,-4.359999999999985,-148.82418812989917
9720,Monero,2018-07-20,139.25,-0.28000000000000114,-93.57798165137609
9721,Monero,2018-07-21,129.93,-9.319999999999993,3228.571428571413
9722,Monero,2018-07-22,132.02,2.0900000000000034,-122.42489270386272
9723,Monero,2018-07-23,128.18,-3.8400000000000034,-283.7320574162678
9724,Monero,2018-07-24,133.59,5.409999999999997,-240.88541666666643
9725,Monero,2018-07-25,147.36,13.77000000000001,154.52865064695044
9726,Monero,2018-07-26,143.62,-3.740000000000009,-127.16049382716055
9727,Monero,2018-07-27,136.73,-6.890000000000015,84.22459893048122
9728,Monero,2018-07-28,140.58,3.8500000000000227,-155.87808417997118
9729,Monero,2018-07-29,140.4,-0.18000000000000682,-104.67532467532483
9730,Monero,2018-07-30,135.58,-4.819999999999993,2577.7777777776723
9731,Monero,2018-07-31,131.765,-3.815000000000026,-20.85062240663835
9732,Monero,2018-08-01,122.02,-9.74499999999999,155.43905635648554
9733,Monero,2018-08-02,128.2,6.179999999999993,-163.4171369933299
9734,Monero,2018-08-03,122.09,-6.109999999999985,-198.8673139158575
9735,Monero,2018-08-04,120.19,-1.9000000000000057,-68.9034369885432
9736,Monero,2018-08-05,113.94,-6.25,228.94736842105164
9737,Monero,2018-08-06,117.48,3.5400000000000063,-156.6400000000001
9738,Monero,2018-08-07,113.17,-4.310000000000002,-221.75141242937838
9739,Monero,2018-08-08,107.555,-5.614999999999995,30.278422273781725
9740,Monero,2018-08-09,94.63,-12.925000000000011,130.18699910952844
9741,Monero,2018-08-10,100.17,5.540000000000006,-142.86266924564796
9742,Monero,2018-08-11,91.533,-8.637,-255.9025270758121
9743,Monero,2018-08-12,93.091,1.5579999999999927,-118.0386708347805
9744,Monero,2018-08-13,92.91,-0.18099999999999739,-111.61745827984583
9745,Monero,2018-08-14,87.602,-5.307999999999993,2832.5966850829113
9746,Monero,2018-08-15,84.253,-3.3490000000000038,-36.90655614167279
9747,Monero,2018-08-16,89.31,5.057000000000002,-251.00029859659588
9748,Monero,2018-08-17,91.1275,1.8174999999999955,-64.05971920110748
9749,Monero,2018-08-18,99.604,8.476500000000001,366.38239339752533
9750,Monero,2018-08-19,97.916,-1.6880000000000024,-119.91387954934231
9751,Monero,2018-08-20,98.713,0.796999999999997,-147.2156398104263
9752,Monero,2018-08-21,92.38,-6.332999999999998,-894.6047678795511
9753,Monero,2018-08-22,94.685,2.305000000000007,-136.3966524553925
9754,Monero,2018-08-23,89.7065,-4.978499999999997,-315.9869848156174
9755,Monero,2018-08-24,89.979,0.27249999999999375,-105.47353620568431
9756,Monero,2018-08-25,93.51,3.531000000000006,1195.7798165137933
9757,Monero,2018-08-26,92.42,-1.0900000000000034,-130.8694420843954
9758,Monero,2018-08-27,94.7305,2.3105000000000047,-311.97247706421996
9759,Monero,2018-08-28,105.36,10.629499999999993,360.051936810213
9760,Monero,2018-08-29,107.44,2.0799999999999983,-80.43181711275224
9761,Monero,2018-08-30,103.56,-3.8799999999999955,-286.5384615384615
9762,Monero,2018-08-31,103.25,-0.3100000000000023,-92.01030927835045
9763,Monero,2018-09-01,116.21,12.959999999999994,-4280.64516129029
9764,Monero,2018-09-02,121.1,4.890000000000001,-62.26851851851849
9765,Monero,2018-09-03,119.945,-1.1550000000000011,-123.6196319018405
9766,Monero,2018-09-04,134.88,14.935000000000002,-1393.073593073592
9767,Monero,2018-09-05,138.18,3.3000000000000114,-77.90425175761627
9768,Monero,2018-09-06,114.995,-23.185000000000002,-802.5757575757552
9769,Monero,2018-09-07,117.27,2.2749999999999915,-109.81237869312051
9770,Monero,2018-09-08,110.88,-6.390000000000001,-380.87912087912196
9771,Monero,2018-09-09,103.81,-7.069999999999993,10.64162754303588
9772,Monero,2018-09-10,105.13,1.3199999999999932,-118.67043847241858
9773,Monero,2018-09-11,105.72,0.5900000000000034,-55.30303030302981
9774,Monero,2018-09-12,105.16,-0.5600000000000023,-194.91525423728797
9775,Monero,2018-09-13,104.35,-0.8100000000000023,44.64285714285696
9776,Monero,2018-09-14,112.29,7.940000000000012,-1080.2469135802455
9777,Monero,2018-09-15,115.92,3.6299999999999955,-54.282115869017765
9778,Monero,2018-09-16,118.6,2.6799999999999926,-26.170798898071734
9779,Monero,2018-09-17,117.41,-1.1899999999999977,-144.4029850746269
9780,Monero,2018-09-18,105.81,-11.599999999999994,874.7899159663879
9781,Monero,2018-09-19,111.62,5.810000000000002,-150.08620689655177
9782,Monero,2018-09-20,109.55,-2.0700000000000074,-135.62822719449235
9783,Monero,2018-09-21,115.8,6.25,-401.9323671497574
9784,Monero,2018-09-22,124.47,8.670000000000002,38.72000000000002
9785,Monero,2018-09-23,122.53,-1.9399999999999977,-122.37600922722027
9786,Monero,2018-09-24,122.26,-0.269999999999996,-86.08247422680431
9787,Monero,2018-09-25,115.0,-7.260000000000005,2588.8888888889305
9788,Monero,2018-09-26,116.775,1.7750000000000057,-124.44903581267224
9789,Monero,2018-09-27,114.91,-1.865000000000009,-205.07042253521143
9790,Monero,2018-09-28,119.11,4.200000000000003,-325.201072386058
9791,Monero,2018-09-29,117.16,-1.9500000000000028,-146.42857142857147
9792,Monero,2018-09-30,114.42,-2.739999999999995,40.512820512820035
9793,Monero,2018-10-01,115.85,1.4299999999999926,-152.18978102189763
9794,Monero,2018-10-02,114.55,-1.2999999999999972,-190.9090909090912
9795,Monero,2018-10-03,116.3,1.75,-234.61538461538493
9796,Monero,2018-10-04,114.71,-1.5900000000000034,-190.85714285714306
9797,Monero,2018-10-05,114.64,-0.06999999999999318,-95.59748427673
9798,Monero,2018-10-06,115.6,0.9599999999999937,-1471.4285714286962
9799,Monero,2018-10-07,115.23,-0.36999999999999034,-138.54166666666592
9800,Monero,2018-10-08,113.72,-1.5100000000000051,308.1081081081202
9801,Monero,2018-10-09,113.52,-0.20000000000000284,-86.75496688741707
9802,Monero,2018-10-10,113.92,0.4000000000000057,-300.0
9803,Monero,2018-10-11,115.27,1.3499999999999943,237.49999999999378
9804,Monero,2018-10-12,100.96,-14.310000000000002,-1160.0000000000045
9805,Monero,2018-10-13,101.6,0.6400000000000006,-104.47239692522712
9806,Monero,2018-10-14,104.03,2.430000000000007,279.6875000000007
9807,Monero,2018-10-15,99.96,-4.070000000000007,-267.4897119341562
9808,Monero,2018-10-16,110.11,10.150000000000006,-349.3857493857491
9809,Monero,2018-10-17,111.75,1.6400000000000006,-83.84236453201972
9810,Monero,2018-10-18,109.53,-2.219999999999999,-235.36585365853648
9811,Monero,2018-10-19,102.15,-7.3799999999999955,232.43243243243242
9812,Monero,2018-10-20,105.98,3.8299999999999983,-151.89701897018972
9813,Monero,2018-10-21,106.0,0.01999999999999602,-99.47780678851186
9814,Monero,2018-10-22,107.04,1.0400000000000063,5100.000000001066
9815,Monero,2018-10-23,108.0,0.9599999999999937,-7.692307692308853
9816,Monero,2018-10-24,110.18,2.180000000000007,127.08333333333553
9817,Monero,2018-10-25,108.31,-1.8700000000000045,-185.7798165137614
9818,Monero,2018-10-26,107.79,-0.519999999999996,-72.19251336898425
9819,Monero,2018-10-27,105.165,-2.625,404.80769230769613
9820,Monero,2018-10-28,104.65,-0.5150000000000006,-80.38095238095235
9821,Monero,2018-10-29,105.26,0.6099999999999994,-218.44660194174733
9822,Monero,2018-10-30,101.87,-3.3900000000000006,-655.7377049180334
9823,Monero,2018-10-31,103.42,1.5499999999999972,-145.72271386430668
9824,Monero,2018-11-01,105.5,2.0799999999999983,34.19354838709692
9825,Monero,2018-11-02,104.93,-0.5699999999999932,-127.40384615384586
9826,Monero,2018-11-03,106.015,1.0849999999999937,-290.35087719298366
9827,Monero,2018-11-04,107.32,1.3049999999999926,20.276497695852534
9828,Monero,2018-11-05,113.52,6.200000000000003,375.09578544061594
9829,Monero,2018-11-06,112.495,-1.0249999999999915,-116.53225806451599
9830,Monero,2018-11-07,113.78,1.2849999999999966,-225.36585365853733
9831,Monero,2018-11-08,112.325,-1.4549999999999983,-213.22957198443598
9832,Monero,2018-11-09,108.705,-3.6200000000000045,148.79725085910715
9833,Monero,2018-11-10,106.93,-1.7749999999999915,-50.966850828729584
9834,Monero,2018-11-11,105.43,-1.5,-15.492957746478464
9835,Monero,2018-11-12,107.1167,1.6866999999999877,-212.44666666666586
9836,Monero,2018-11-13,106.49,-0.6266999999999996,-137.15539218592542
9837,Monero,2018-11-14,106.77,0.28000000000000114,-144.6784745492263
9838,Monero,2018-11-15,93.5455,-13.224499999999992,-4823.035714285693
9839,Monero,2018-11-16,90.11,-3.4355000000000047,-74.0217021437483
9840,Monero,2018-11-17,88.02,-2.0900000000000034,-39.16460486101002
9841,Monero,2018-11-18,89.335,1.3149999999999977,-162.91866028708114
9842,Monero,2018-11-19,89.365,0.030000000000001137,-97.71863117870714
9843,Monero,2018-11-20,73.5985,-15.766499999999994,-52654.999999997985
9844,Monero,2018-11-21,67.06,-6.538499999999999,-58.529159927694785
9845,Monero,2018-11-22,69.721,2.6610000000000014,-140.69740766230788
9846,Monero,2018-11-23,65.971,-3.75,-240.9244644870349
9847,Monero,2018-11-24,67.949,1.9779999999999944,-152.74666666666653
9848,Monero,2018-11-25,58.5467,-9.402299999999997,-575.3437815975744
9849,Monero,2018-11-26,59.267,0.7203000000000017,-107.66089148399863
9850,Monero,2018-11-27,54.379,-4.888000000000005,-778.606136332083
9851,Monero,2018-11-28,58.406,4.027000000000001,-182.38543371522087
9852,Monero,2018-11-29,63.672,5.265999999999998,30.76732058604412
9853,Monero,2018-11-30,61.5437,-2.128299999999996,-140.4158754272692
9854,Monero,2018-12-01,58.4195,-3.124200000000002,46.79321524221247
9855,Monero,2018-12-02,59.9605,1.541000000000004,-149.32462710453888
9856,Monero,2018-12-03,59.35,-0.6105000000000018,-139.61713173264116
9857,Monero,2018-12-04,54.574,-4.776000000000003,682.3095823095805
9858,Monero,2018-12-05,57.2165,2.6425000000000054,-155.3287269681743
9859,Monero,2018-12-06,52.0315,-5.185000000000002,-296.215704824976
9860,Monero,2018-12-07,46.3333,-5.6982,9.897782063645089
9861,Monero,2018-12-08,46.9245,0.5912000000000006,-110.37520620546842
9862,Monero,2018-12-09,45.1545,-1.7700000000000031,-399.39106901217883
9863,Monero,2018-12-10,47.2103,2.055799999999998,-216.1468926553669
9864,Monero,2018-12-11,44.4405,-2.7697999999999965,-234.7310049615721
9865,Monero,2018-12-12,42.4385,-2.0020000000000024,-27.720413026211098
9866,Monero,2018-12-13,43.961,1.5225000000000009,-176.04895104895098
9867,Monero,2018-12-14,41.2735,-2.6875,-276.518883415435
9868,Monero,2018-12-15,38.745,-2.528500000000001,-5.9162790697674055
9869,Monero,2018-12-16,39.01,0.26500000000000057,-110.48052204864547
9870,Monero,2018-12-17,39.432,0.42200000000000415,59.24528301886915
9871,Monero,2018-12-18,44.024,4.591999999999999,988.1516587677614
9872,Monero,2018-12-19,47.1233,3.0992999999999995,-32.506533101045285
9873,Monero,2018-12-20,45.9135,-1.2098000000000013,-139.03462072080796
9874,Monero,2018-12-21,54.8573,8.943800000000003,-839.2792197057358
9875,Monero,2018-12-22,51.974,-2.8833000000000055,-132.23797490999357
9876,Monero,2018-12-23,52.0965,0.12250000000000227,-104.24860403010447
9877,Monero,2018-12-24,53.085,0.9885000000000019,706.9387755101907
9878,Monero,2018-12-25,56.3405,3.255499999999998,229.33737986848675
9879,Monero,2018-12-26,50.592,-5.7485,-276.57809860236534
9880,Monero,2018-12-27,48.28,-2.3119999999999976,-59.78081238583983
9881,Monero,2018-12-28,45.17,-3.1099999999999994,34.51557093425617
9882,Monero,2018-12-29,50.2875,5.1175,-264.54983922829587
9883,Monero,2018-12-30,48.0885,-2.198999999999998,-142.97020029311182
9884,Monero,2018-12-31,48.8935,0.8049999999999997,-136.60754888585723
9885,Monero,2019-01-01,47.112,-1.7815000000000012,-321.30434782608717
9886,Monero,2019-01-02,48.9685,1.856499999999997,-204.20993544765622
9887,Monero,2019-01-03,53.993,5.024500000000003,170.6436843522764
9888,Monero,2019-01-04,50.0625,-3.930500000000002,-178.22668922280823
9889,Monero,2019-01-05,50.9335,0.8710000000000022,-122.16003053046691
9890,Monero,2019-01-06,50.583,-0.3505000000000038,-140.24110218140103
9891,Monero,2019-01-07,56.343,5.760000000000005,-1743.3666191155328
9892,Monero,2019-01-08,54.189,-2.1540000000000035,-137.39583333333337
9893,Monero,2019-01-09,54.051,-0.13799999999999812,-93.59331476323129
9894,Monero,2019-01-10,53.331,-0.7199999999999989,421.7391304347888
9895,Monero,2019-01-11,45.813,-7.518000000000001,944.1666666666684
9896,Monero,2019-01-12,45.5525,-0.2605000000000004,-96.53498270816706
9897,Monero,2019-01-13,45.556,0.0034999999999953957,-101.34357005757981
9898,Monero,2019-01-14,43.513,-2.0429999999999993,-58471.42857150534
9899,Monero,2019-01-15,46.476,2.963000000000001,-245.0318159569262
9900,Monero,2019-01-16,44.63,-1.8459999999999965,-162.30172122848452
9901,Monero,2019-01-17,46.566,1.936,-204.8754062838572
9902,Monero,2019-01-18,45.503,-1.0630000000000024,-154.90702479338856
9903,Monero,2019-01-19,44.8573,-0.6456999999999979,-39.256820319849815
9904,Monero,2019-01-20,45.9305,1.0732,-266.20721697382737
9905,Monero,2019-01-21,43.745,-2.1855000000000047,-303.64330972791697
9906,Monero,2019-01-22,44.3375,0.5925000000000011,-127.11050102951269
9907,Monero,2019-01-23,45.61,1.2725000000000009,114.76793248945123
9908,Monero,2019-01-24,44.54,-1.0700000000000003,-184.0864440078585
9909,Monero,2019-01-25,46.094,1.554000000000002,-245.23364485981324
9910,Monero,2019-01-26,47.0025,0.9084999999999965,-41.53796653796684
9911,Monero,2019-01-27,45.761,-1.241499999999995,-236.653824986241
9912,Monero,2019-01-28,46.19,0.42899999999999494,-134.55497382198928
9913,Monero,2019-01-29,43.604,-2.5859999999999985,-702.7972027972096
9914,Monero,2019-01-30,42.92,-0.6839999999999975,-73.54988399071934
9915,Monero,2019-01-31,43.8,0.8799999999999955,-228.65497076023377
9916,Monero,2019-02-01,43.43,-0.36999999999999744,-142.04545454545448
9917,Monero,2019-02-02,43.823,0.3930000000000007,-206.21621621621716
9918,Monero,2019-02-03,43.5545,-0.26850000000000307,-168.32061068702356
9919,Monero,2019-02-04,42.84,-0.7144999999999939,166.10800744878426
9920,Monero,2019-02-05,42.6917,-0.1483000000000061,-79.24422673197937
9921,Monero,2019-02-06,43.6455,0.9538000000000011,-743.1557653405002
9922,Monero,2019-02-07,43.12,-0.525500000000001,-155.09540784231498
9923,Monero,2019-02-08,43.712,0.5920000000000059,-212.65461465271258
9924,Monero,2019-02-09,48.5155,4.8035,711.402027027019
9925,Monero,2019-02-10,48.48,-0.03550000000000608,-100.7390444467577
9926,Monero,2019-02-11,50.09,1.6100000000000065,-4635.2112676048755
9927,Monero,2019-02-12,48.279,-1.811,-212.484472049689
9928,Monero,2019-02-13,48.53,0.25099999999999767,-113.85974599668678
9929,Monero,2019-02-14,49.0067,0.476700000000001,89.92031872510178
9930,Monero,2019-02-15,46.4657,-2.541000000000004,-633.0396475770922
9931,Monero,2019-02-16,47.1723,0.7066000000000017,-127.80794962613146
9932,Monero,2019-02-17,46.52,-0.6522999999999968,-192.31531276535458
9933,Monero,2019-02-18,48.201,1.6809999999999974,-357.7035106546076
9934,Monero,2019-02-19,51.67,3.469000000000001,106.36525877453936
9935,Monero,2019-02-20,52.0025,0.332499999999996,-90.4151052176421
9936,Monero,2019-02-21,51.49,-0.5124999999999957,-254.13533834586525
9937,Monero,2019-02-22,50.0865,-1.403500000000001,173.8536585365879
9938,Monero,2019-02-23,51.29,1.2034999999999982,-185.74991093694314
9939,Monero,2019-02-24,54.138,2.847999999999999,136.6431242210223
9940,Monero,2019-02-25,47.215,-6.922999999999995,-343.08286516853923
9941,Monero,2019-02-26,48.42,1.2049999999999983,-117.40574895276615
9942,Monero,2019-02-27,47.93,-0.490000000000002,-140.66390041493798
9943,Monero,2019-02-28,48.73,0.7999999999999972,-263.2653061224477
9944,Monero,2019-03-01,47.78,-0.9499999999999957,-218.74999999999991
9945,Monero,2019-03-02,48.31,0.5300000000000011,-155.7894736842109
9946,Monero,2019-03-03,48.46,0.14999999999999858,-71.6981132075475
9947,Monero,2019-03-04,48.78,0.3200000000000003,113.33333333333555
9948,Monero,2019-03-05,47.562,-1.2180000000000035,-480.62500000000074
9949,Monero,2019-03-06,49.6495,2.0875000000000057,-271.3875205254515
9950,Monero,2019-03-07,50.0947,0.4451999999999998,-78.67305389221563
9951,Monero,2019-03-08,50.426,0.3312999999999988,-25.584007187781012
9952,Monero,2019-03-09,49.27,-1.1559999999999988,-448.9284636281325
9953,Monero,2019-03-10,50.1255,0.8554999999999993,-174.0051903114187
9954,Monero,2019-03-11,49.57,-0.5555000000000021,-164.93278784336675
9955,Monero,2019-03-12,49.15,-0.4200000000000017,-24.39243924392437
9956,Monero,2019-03-13,50.13,0.980000000000004,-333.33333333333337
9957,Monero,2019-03-14,50.28,0.14999999999999858,-84.69387755102062
9958,Monero,2019-03-15,51.0627,0.7826999999999984,421.80000000000393
9959,Monero,2019-03-16,53.109,2.0463000000000022,161.44116519739447
9960,Monero,2019-03-17,53.725,0.6159999999999997,-69.89688706445784
9961,Monero,2019-03-18,52.41,-1.3150000000000048,-313.47402597402686
9962,Monero,2019-03-19,52.8,0.39000000000000057,-129.657794676806
9963,Monero,2019-03-20,54.49,1.6900000000000048,333.33333333333394
9964,Monero,2019-03-21,55.86,1.3699999999999974,-18.934911242603935
9965,Monero,2019-03-22,53.128,-2.7319999999999993,-299.41605839416087
9966,Monero,2019-03-23,52.78,-0.347999999999999,-87.26207906295758
9967,Monero,2019-03-24,52.9775,0.197499999999998,-156.75287356321797
9968,Monero,2019-03-25,52.65,-0.32750000000000057,-265.82278481012855
9969,Monero,2019-03-26,50.975,-1.6749999999999972,411.45038167938753
9970,Monero,2019-03-27,51.68,0.7049999999999983,-142.08955223880594
9971,Monero,2019-03-28,53.4612,1.7811999999999983,152.65248226950393
9972,Monero,2019-03-29,52.7,-0.7611999999999952,-142.73523467325376
9973,Monero,2019-03-30,53.55,0.8499999999999943,-211.66579085654226
9974,Monero,2019-03-31,53.47,-0.0799999999999983,-109.4117647058822
9975,Monero,2019-04-01,56.05,2.5799999999999983,-3325.000000000067
9976,Monero,2019-04-02,60.04,3.990000000000002,54.65116279069786
9977,Monero,2019-04-03,68.9755,8.935499999999998,123.94736842105245
9978,Monero,2019-04-04,65.9417,-3.0337999999999994,-133.95221308264786
9979,Monero,2019-04-05,64.006,-1.935699999999997,-36.19553035796699
9980,Monero,2019-04-06,68.94,4.9339999999999975,-354.89487007284214
9981,Monero,2019-04-07,67.9,-1.039999999999992,-121.0782326712605
9982,Monero,2019-04-08,69.7763,1.8763000000000005,-280.41346153846297
9983,Monero,2019-04-09,70.45,0.6736999999999966,-64.09422800191886
9984,Monero,2019-04-10,67.715,-2.7349999999999994,-505.96704764732266
9985,Monero,2019-04-11,70.8,3.0849999999999937,-212.79707495429597
9986,Monero,2019-04-12,65.94,-4.859999999999999,-257.53646677471664
9987,Monero,2019-04-13,65.59,-0.3499999999999943,-92.79835390946513
9988,Monero,2019-04-14,65.167,-0.4230000000000018,20.857142857145348
9989,Monero,2019-04-15,66.29,1.1230000000000047,-365.4846335697399
9990,Monero,2019-04-16,63.9135,-2.376500000000007,-311.62065894924285
9991,Monero,2019-04-17,68.489,4.575500000000005,-292.531033031769
9992,Monero,2019-04-18,67.13,-1.3590000000000089,-129.7016719484211
9993,Monero,2019-04-19,68.9645,1.8345000000000056,-234.98896247240572
9994,Monero,2019-04-20,68.2,-0.7644999999999982,-141.67348051240097
9995,Monero,2019-04-21,69.29,1.0900000000000034,-242.57684761281962
9996,Monero,2019-04-22,68.195,-1.095000000000013,-200.45871559633116
9997,Monero,2019-04-23,68.19,-0.0049999999999954525,-99.54337899543421
9998,Monero,2019-04-24,68.548,0.3580000000000041,-7260.000000006593
9999,Monero,2019-04-25,67.7075,-0.8405000000000058,-334.77653631284807
10000,Monero,2019-04-26,61.61,-6.097499999999997,625.4610350981504
10001,Monero,2019-04-27,62.365,0.7550000000000026,-112.38212382123827
10002,Monero,2019-04-28,63.04,0.6749999999999972,-10.596026490066901
10003,Monero,2019-04-29,61.97,-1.0700000000000003,-258.5185185185193
10004,Monero,2019-04-30,61.15,-0.8200000000000003,-23.364485981308402
10005,Monero,2019-05-01,64.2955,3.1455000000000055,-483.5975609756103
10006,Monero,2019-05-02,65.8735,1.578000000000003,-49.83309489747258
10007,Monero,2019-05-03,65.9617,0.08819999999998629,-94.41064638783358
10008,Monero,2019-05-04,67.43,1.4683000000000135,1564.7392290252174
10009,Monero,2019-05-05,68.34,0.9099999999999966,-38.023564666622065
10010,Monero,2019-05-06,66.79,-1.5499999999999972,-270.32967032967065
10011,Monero,2019-05-07,67.42,0.6299999999999955,-140.64516129032236
10012,Monero,2019-05-08,66.3002,-1.119799999999998,-277.7460317460327
10013,Monero,2019-05-09,68.125,1.8247999999999962,-262.9576710126808
10014,Monero,2019-05-10,65.59,-2.5349999999999966,-238.9193336256029
10015,Monero,2019-05-11,68.96,3.3699999999999903,-232.9388560157789
10016,Monero,2019-05-12,78.021,9.061000000000007,168.87240356083183
10017,Monero,2019-05-13,75.714,-2.307000000000002,-125.46076591987641
10018,Monero,2019-05-14,79.49,3.7759999999999962,-263.6757693974856
10019,Monero,2019-05-15,83.245,3.7550000000000097,-0.5561440677962604
10020,Monero,2019-05-16,94.455,11.209999999999994,198.53528628495246
10021,Monero,2019-05-17,87.065,-7.390000000000001,-165.9232827832293
10022,Monero,2019-05-18,82.768,-4.296999999999997,-41.85385656292291
10023,Monero,2019-05-19,79.52,-3.2480000000000047,-24.41238073074222
10024,Monero,2019-05-20,89.885,10.365000000000009,-419.11945812807863
10025,Monero,2019-05-21,87.125,-2.760000000000005,-126.62807525325617
10026,Monero,2019-05-22,88.7375,1.6124999999999972,-158.42391304347805
10027,Monero,2019-05-23,83.005,-5.732500000000002,-455.50387596899304
10028,Monero,2019-05-24,84.91,1.9050000000000011,-133.23157435673792
10029,Monero,2019-05-25,85.275,0.3650000000000091,-80.8398950131229
10030,Monero,2019-05-26,86.655,1.3799999999999955,278.0821917808113
10031,Monero,2019-05-27,91.38,4.724999999999994,242.39130434782678
10032,Monero,2019-05-28,97.4877,6.107700000000008,29.263492063492393
10033,Monero,2019-05-29,95.789,-1.6987000000000023,-127.81243348560014
10034,Monero,2019-05-30,93.71,-2.0790000000000077,22.387708247483662
10035,Monero,2019-05-31,91.785,-1.9249999999999972,-7.407407407407884
10036,Monero,2019-06-01,93.219,1.4339999999999975,-174.4935064935065
10037,Monero,2019-06-02,93.22,0.0010000000000047748,-99.93026499302616
10038,Monero,2019-06-03,94.85,1.6299999999999955,162899.99999922124
10039,Monero,2019-06-04,87.883,-6.966999999999999,-527.4233128834367
10040,Monero,2019-06-05,83.64,-4.242999999999995,-39.098607722118615
10041,Monero,2019-06-06,84.7457,1.1056999999999988,-126.05939193966533
10042,Monero,2019-06-07,86.675,1.9292999999999978,74.48675047481233
10043,Monero,2019-06-08,87.82,1.144999999999996,-40.652049966309164
10044,Monero,2019-06-09,87.2713,-0.5486999999999966,-147.92139737991255
10045,Monero,2019-06-10,83.3,-3.9712999999999994,623.76526334974
10046,Monero,2019-06-11,86.935,3.635000000000005,-191.53174023619485
10047,Monero,2019-06-12,86.345,-0.5900000000000034,-116.23108665749665
10048,Monero,2019-06-13,90.2962,3.9512,-769.6949152542335
10049,Monero,2019-06-14,89.5768,-0.7193999999999932,-118.20712694877489
10050,Monero,2019-06-15,90.435,0.8581999999999965,-219.29385599110435
10051,Monero,2019-06-16,94.935,4.5,424.3532975996293
10052,Monero,2019-06-17,96.052,1.1170000000000044,-75.17777777777768
10053,Monero,2019-06-18,98.68,2.628,135.27305282005278
10054,Monero,2019-06-19,96.45,-2.230000000000004,-184.8554033485542
10055,Monero,2019-06-20,100.34,3.8900000000000006,-274.4394618834078
10056,Monero,2019-06-21,105.03,4.689999999999998,20.565552699228707
10057,Monero,2019-06-22,109.8,4.769999999999996,1.7057569296374808
10058,Monero,2019-06-23,115.24,5.439999999999998,14.04612159329146
10059,Monero,2019-06-24,115.435,0.1950000000000074,-96.41544117647045
10060,Monero,2019-06-25,117.9667,2.5317000000000007,1198.3076923076435
10061,Monero,2019-06-26,112.1467,-5.820000000000007,-329.8850574712646
10062,Monero,2019-06-27,104.1775,-7.969200000000001,36.92783505154622
10063,Monero,2019-06-28,95.9383,-8.239199999999997,3.3880439692816955
10064,Monero,2019-06-29,101.5075,5.569199999999995,-167.59394115933583
10065,Monero,2019-06-30,100.0967,-1.4107999999999947,-125.3321841557135
10066,Monero,2019-07-01,88.783,-11.313699999999997,701.9350722994075
10067,Monero,2019-07-02,88.895,0.11199999999999477,-100.98995023732284
10068,Monero,2019-07-03,86.666,-2.228999999999999,-2090.1785714286634
10069,Monero,2019-07-04,90.01,3.3440000000000083,-250.02243158367023
10070,Monero,2019-07-05,87.6645,-2.3455000000000013,-170.1405502392343
10071,Monero,2019-07-06,89.505,1.8404999999999916,-178.46940950756726
10072,Monero,2019-07-07,94.425,4.920000000000002,167.3186634066843
10073,Monero,2019-07-08,107.1975,12.772500000000008,159.6036585365854
10074,Monero,2019-07-09,101.5933,-5.604200000000006,-143.87707966333923
10075,Monero,2019-07-10,99.47,-2.1233000000000004,-62.1123443131937
10076,Monero,2019-07-11,94.893,-4.576999999999998,115.5606838411905
10077,Monero,2019-07-12,89.71,-5.183000000000007,13.240113611536142
10078,Monero,2019-07-13,98.115,8.405000000000001,-262.1647694385489
10079,Monero,2019-07-14,93.6412,-4.473799999999997,-153.2278405710886
10080,Monero,2019-07-15,86.0763,-7.564899999999994,69.09338817112966
10081,Monero,2019-07-16,88.7593,2.6829999999999927,-135.4664304881756
10082,Monero,2019-07-17,74.3433,-14.415999999999997,-637.3089824822973
10083,Monero,2019-07-18,76.775,2.4317000000000064,-116.86806326304111
10084,Monero,2019-07-19,84.019,7.244,197.8985894641601
10085,Monero,2019-07-20,82.09,-1.929000000000002,-126.6289342904473
10086,Monero,2019-07-21,85.1605,3.0704999999999956,-259.17573872472747
10087,Monero,2019-07-22,84.35,-0.8105000000000047,-126.39635238560514
10088,Monero,2019-07-23,83.3133,-1.0366999999999962,27.908698334360295
10089,Monero,2019-07-24,81.0475,-2.2657999999999987,118.55888878171186
10090,Monero,2019-07-25,80.41,-0.6375000000000028,-71.86424221025672
10091,Monero,2019-07-26,80.93,0.5200000000000102,-181.56862745098164
10092,Monero,2019-07-27,80.175,-0.7550000000000097,-245.19230769230668
10093,Monero,2019-07-28,78.905,-1.269999999999996,68.21192052979865
10094,Monero,2019-07-29,80.49,1.5849999999999937,-224.8031496062991
10095,Monero,2019-07-30,78.0,-2.489999999999995,-257.09779179810755
10096,Monero,2019-07-31,78.115,0.11499999999999488,-104.61847389558214
10097,Monero,2019-08-01,80.66,2.5450000000000017,2113.0434782609696
10098,Monero,2019-08-02,82.11,1.4500000000000028,-43.025540275049046
10099,Monero,2019-08-03,83.97,1.8599999999999994,28.275862068965218
10100,Monero,2019-08-04,87.86,3.8900000000000006,109.13978494623665
10101,Monero,2019-08-05,88.036,0.17600000000000193,-95.47557840616962
10102,Monero,2019-08-06,93.7938,5.757800000000003,3171.4772727272384
10103,Monero,2019-08-07,89.61,-4.183800000000005,-172.66316996074895
10104,Monero,2019-08-08,97.6488,8.038799999999995,-292.1411157321092
10105,Monero,2019-08-09,96.045,-1.6037999999999926,-119.95073891625607
10106,Monero,2019-08-10,93.725,-2.3200000000000074,44.65644095273837
10107,Monero,2019-08-11,90.67,-3.0549999999999926,31.681034482757873
10108,Monero,2019-08-12,92.3613,1.6912999999999982,-155.36170212765964
10109,Monero,2019-08-13,91.28,-1.0812999999999988,-163.93306923668183
10110,Monero,2019-08-14,85.53,-5.75,431.76731711828415
10111,Monero,2019-08-15,79.5107,-6.019300000000001,4.683478260869589
10112,Monero,2019-08-16,82.44,2.929299999999998,-148.6651271742561
10113,Monero,2019-08-17,82.435,-0.0049999999999954525,-100.17068924316375
10114,Monero,2019-08-18,81.9223,-0.5126999999999953,10154.000000009231
10115,Monero,2019-08-19,87.8292,5.906899999999993,-1252.116247318129
10116,Monero,2019-08-20,89.7793,1.9501000000000062,-66.98606714181705
10117,Monero,2019-08-21,85.9,-3.8793000000000006,-298.9282600892256
10118,Monero,2019-08-22,81.0473,-4.852699999999999,25.092155801304305
10119,Monero,2019-08-23,81.947,0.8996999999999957,-118.54019411873793
10120,Monero,2019-08-24,82.1097,0.16270000000000095,-81.91619428698435
10121,Monero,2019-08-25,80.6403,-1.4694000000000074,-1003.1346035648426
10122,Monero,2019-08-26,80.6163,-0.02400000000000091,-98.3666802776643
10123,Monero,2019-08-27,79.705,-0.9112999999999971,3697.0833333331775
10124,Monero,2019-08-28,78.485,-1.2199999999999989,33.874684516624896
10125,Monero,2019-08-29,72.0887,-6.3962999999999965,424.2868852459019
10126,Monero,2019-08-30,67.131,-4.957700000000003,-22.49112768319176
10127,Monero,2019-08-31,68.157,1.0259999999999962,-120.69508038001484
10128,Monero,2019-09-01,67.13,-1.027000000000001,-200.09746588694003
10129,Monero,2019-09-02,71.5567,4.426700000000011,-531.0321324245381
10130,Monero,2019-09-03,73.307,1.7502999999999957,-60.460388099487396
10131,Monero,2019-09-04,74.72,1.4129999999999967,-19.2709821173513
10132,Monero,2019-09-05,73.92,-0.7999999999999972,-156.6171266808209
10133,Monero,2019-09-06,75.98,2.0600000000000023,-357.5000000000012
10134,Monero,2019-09-07,75.0525,-0.9275000000000091,-145.02427184466057
10135,Monero,2019-09-08,77.81,2.7575000000000074,-397.3045822102405
10136,Monero,2019-09-09,76.97,-0.8400000000000034,-130.46237533998192
10137,Monero,2019-09-10,74.9975,-1.9724999999999966,134.82142857142722
10138,Monero,2019-09-11,72.247,-2.7505000000000024,39.44233206590657
10139,Monero,2019-09-12,74.1995,1.9525000000000006,-170.98709325577164
10140,Monero,2019-09-13,75.0237,0.8242000000000047,-57.78745198463485
10141,Monero,2019-09-14,76.905,1.881299999999996,128.25770444066796
10142,Monero,2019-09-15,76.1337,-0.7712999999999965,-140.99824589379674
10143,Monero,2019-09-16,75.57,-0.5637000000000114,-26.91559704394996
10144,Monero,2019-09-17,75.5345,-0.03549999999999898,-93.70232393116937
10145,Monero,2019-09-18,73.81,-1.724499999999992,4757.746478873357
10146,Monero,2019-09-19,81.4228,7.612799999999993,-541.4496955639332
10147,Monero,2019-09-20,75.895,-5.527799999999999,-172.6119167717529
10148,Monero,2019-09-21,73.83,-2.0649999999999977,-62.64336625782412
10149,Monero,2019-09-22,72.395,-1.4350000000000023,-30.508474576271006
10150,Monero,2019-09-23,73.005,0.6099999999999994,-142.50871080139362
10151,Monero,2019-09-24,68.43,-4.574999999999989,-849.999999999999
10152,Monero,2019-09-25,58.795,-9.635000000000005,110.6010928961755
10153,Monero,2019-09-26,59.99,1.1950000000000003,-112.40269849507006
10154,Monero,2019-09-27,57.3305,-2.6595000000000013,-322.5523012552302
10155,Monero,2019-09-28,57.56,0.2295000000000016,-108.62944162436554
10156,Monero,2019-09-29,57.605,0.0449999999999946,-80.39215686274758
10157,Monero,2019-09-30,55.9,-1.7049999999999983,-3888.88888888934
10158,Monero,2019-10-01,56.73,0.8299999999999983,-148.6803519061583
10159,Monero,2019-10-02,55.7395,-0.9904999999999973,-219.33734939759032
10160,Monero,2019-10-03,55.98,0.24049999999999727,-124.28066633013609
10161,Monero,2019-10-04,56.2453,0.2653000000000034,10.311850311852977
10162,Monero,2019-10-05,57.2205,0.975200000000001,267.5838673200107
10163,Monero,2019-10-06,56.5327,-0.6878000000000029,-170.5291222313374
10164,Monero,2019-10-07,54.685,-1.8476999999999961,168.6391392846741
10165,Monero,2019-10-08,56.2057,1.520699999999998,-182.30232180548796
10166,Monero,2019-10-09,55.455,-0.7507000000000019,-149.36542381797875
10167,Monero,2019-10-10,57.2563,1.8013000000000048,-339.9493805781271
10168,Monero,2019-10-11,55.695,-1.5613000000000028,-186.67628934658293
10169,Monero,2019-10-12,53.93,-1.7650000000000006,13.046819957727362
10170,Monero,2019-10-13,53.597,-0.3329999999999984,-81.13314447592077
10171,Monero,2019-10-14,53.23,-0.36700000000000443,10.210210210212068
10172,Monero,2019-10-15,53.05,-0.17999999999999972,-50.953678474115115
10173,Monero,2019-10-16,52.06,-0.9899999999999949,449.99999999999807
10174,Monero,2019-10-17,54.805,2.7449999999999974,-377.27272727272845
10175,Monero,2019-10-18,55.9682,1.1632000000000033,-57.624772313296745
10176,Monero,2019-10-19,55.2647,-0.7035000000000053,-160.47971114167842
10177,Monero,2019-10-20,54.578,-0.6866999999999948,-2.3880597014940275
10178,Monero,2019-10-21,56.5255,1.947499999999998,-383.60273773117996
10179,Monero,2019-10-22,57.439,0.9134999999999991,-53.093709884467266
10180,Monero,2019-10-23,56.6,-0.8389999999999986,-191.84455391351938
10181,Monero,2019-10-24,53.11,-3.490000000000002,315.97139451728344
10182,Monero,2019-10-25,53.38,0.2700000000000031,-107.73638968481384
10183,Monero,2019-10-26,59.2855,5.905499999999996,2087.222222222196
10184,Monero,2019-10-27,56.785,-2.5005000000000024,-142.34188468376942
10185,Monero,2019-10-28,59.77,2.9850000000000065,-219.37612477504516
10186,Monero,2019-10-29,59.293,-0.47700000000000387,-115.97989949748752
10187,Monero,2019-10-30,59.6,0.30700000000000216,-164.36058700209637
10188,Monero,2019-10-31,58.49,-1.1099999999999994,-461.56351791530665
10189,Monero,2019-11-01,58.94,0.44999999999999574,-140.54054054054018
10190,Monero,2019-11-02,60.735,1.7950000000000017,298.88888888889306
10191,Monero,2019-11-03,62.15,1.4149999999999991,-21.169916434540514
10192,Monero,2019-11-04,63.465,1.3150000000000048,-7.067137809186885
10193,Monero,2019-11-05,63.07,-0.3950000000000031,-130.03802281368834
10194,Monero,2019-11-06,62.74,-0.3299999999999983,-16.455696202532742
10195,Monero,2019-11-07,64.01,1.2700000000000031,-484.8484848484878
10196,Monero,2019-11-08,63.04,-0.970000000000006,-176.3779527559058
10197,Monero,2019-11-09,60.74,-2.299999999999997,137.11340206185395
10198,Monero,2019-11-10,62.004,1.2639999999999958,-154.9565217391303
10199,Monero,2019-11-11,63.8533,1.8492999999999995,46.30537974683588
10200,Monero,2019-11-12,61.74,-2.1132999999999953,-214.2756718758447
10201,Monero,2019-11-13,62.3,0.5599999999999952,-126.49884067572029
10202,Monero,2019-11-14,65.32,3.019999999999996,439.28571428571826
10203,Monero,2019-11-15,65.05,-0.269999999999996,-108.94039735099325
10204,Monero,2019-11-16,61.89,-3.1599999999999966,1070.3703703703864
10205,Monero,2019-11-17,61.38,-0.509999999999998,-83.86075949367094
10206,Monero,2019-11-18,61.675,0.2949999999999946,-157.84313725490114
10207,Monero,2019-11-19,58.396,-3.2789999999999964,-1211.5254237288327
10208,Monero,2019-11-20,58.49,0.0940000000000012,-102.86672766087226
10209,Monero,2019-11-21,57.905,-0.5850000000000009,-722.340425531908
10210,Monero,2019-11-22,54.11,-3.7950000000000017,548.717948717948
10211,Monero,2019-11-23,51.05,-3.0600000000000023,-19.3675889328063
10212,Monero,2019-11-24,51.63,0.5800000000000054,-118.95424836601323
10213,Monero,2019-11-25,47.35,-4.280000000000001,-837.931034482752
10214,Monero,2019-11-26,49.8933,2.543300000000002,-159.42289719626172
10215,Monero,2019-11-27,51.18,1.2866999999999962,-49.40824912515255
10216,Monero,2019-11-28,55.88,4.700000000000003,265.27551099712576
10217,Monero,2019-11-29,53.69,-2.190000000000005,-146.59574468085114
10218,Monero,2019-11-30,55.846,2.155999999999999,-198.4474885844746
10219,Monero,2019-12-01,54.785,-1.061,-149.21150278293138
10220,Monero,2019-12-02,53.48,-1.3049999999999997,22.99717247879358
10221,Monero,2019-12-03,54.272,0.7920000000000016,-160.68965517241392
10222,Monero,2019-12-04,53.29,-0.9819999999999993,-223.98989898989865
10223,Monero,2019-12-05,52.58,-0.7100000000000009,-27.6985743380854
10224,Monero,2019-12-06,53.74,1.1600000000000037,-263.38028169014115
10225,Monero,2019-12-07,54.18,0.4399999999999977,-62.0689655172417
10226,Monero,2019-12-08,54.35,0.1700000000000017,-61.36363636363578
10227,Monero,2019-12-09,53.77,-0.5799999999999983,-441.17647058823087
10228,Monero,2019-12-10,54.5733,0.8033000000000001,-238.50000000000043
10229,Monero,2019-12-11,52.68,-1.8933000000000035,-335.6902776048803
10230,Monero,2019-12-12,53.4088,0.7287999999999997,-138.4936354513283
10231,Monero,2019-12-13,52.97,-0.4388000000000005,-160.2085620197586
10232,Monero,2019-12-14,52.4437,-0.5262999999999991,19.940747493162814
10233,Monero,2019-12-15,51.23,-1.2137000000000029,130.60991829754988
10234,Monero,2019-12-16,50.8363,-0.3936999999999955,-67.56200049435654
10235,Monero,2019-12-17,49.14,-1.6963000000000008,330.86106172212857
10236,Monero,2019-12-18,45.08,-4.060000000000002,139.34445557979132
10237,Monero,2019-12-19,48.03,2.950000000000003,-172.66009852216752
10238,Monero,2019-12-20,47.4467,-0.5833000000000013,-119.77288135593223
10239,Monero,2019-12-21,46.63,-0.8166999999999973,40.01371506943177
10240,Monero,2019-12-22,44.99,-1.6400000000000006,100.80813028039745
10241,Monero,2019-12-23,47.4818,2.491799999999998,-251.93902439024373
10242,Monero,2019-12-24,47.1,-0.38179999999999836,-115.32225700296969
10243,Monero,2019-12-25,45.83,-1.2700000000000031,232.63488737559155
10244,Monero,2019-12-26,46.01,0.17999999999999972,-114.17322834645663
10245,Monero,2019-12-27,45.4223,-0.5876999999999981,-426.49999999999955
10246,Monero,2019-12-28,45.12,-0.30230000000000246,-48.56219159435028
10247,Monero,2019-12-29,45.425,0.3049999999999997,-200.89315249751812
10248,Monero,2019-12-30,46.485,1.0600000000000023,247.54098360655843
10249,Monero,2019-12-31,46.145,-0.3399999999999963,-132.07547169811278
10250,Monero,2020-01-01,44.65,-1.4950000000000045,339.70588235294724
10251,Monero,2020-01-02,45.82,1.1700000000000017,-178.26086956521726
10252,Monero,2020-01-03,45.51,-0.3100000000000023,-126.49572649572664
10253,Monero,2020-01-04,50.9667,5.456700000000005,-1860.2258064516016
10254,Monero,2020-01-05,50.4157,-0.5510000000000019,-110.09767808382358
10255,Monero,2020-01-06,53.672,3.256299999999996,-690.9800362976379
10256,Monero,2020-01-07,59.0033,5.331300000000006,63.72262997881069
10257,Monero,2020-01-08,58.38,-0.6233000000000004,-111.69133232044717
10258,Monero,2020-01-09,59.305,0.9249999999999972,-248.4036579496224
10259,Monero,2020-01-10,58.725,-0.5799999999999983,-162.7027027027027
10260,Monero,2020-01-11,58.26,-0.4650000000000034,-19.82758620689573
10261,Monero,2020-01-12,58.155,-0.10499999999999687,-77.41935483871052
10262,Monero,2020-01-13,59.1933,1.0382999999999996,-1088.857142857172
10263,Monero,2020-01-14,57.796,-1.3973000000000013,-234.57574882018704
10264,Monero,2020-01-15,62.1055,4.3095,-408.4162313032273
10265,Monero,2020-01-16,68.4545,6.348999999999997,47.3256758324631
10266,Monero,2020-01-17,65.6833,-2.7711999999999932,-143.64781855410294
10267,Monero,2020-01-18,68.7,3.0167,-208.85897806004644
10268,Monero,2020-01-19,66.9792,-1.720799999999997,-157.0424636191864
10269,Monero,2020-01-20,65.26,-1.7192000000000007,-0.09298000929778283
10270,Monero,2020-01-21,64.9905,-0.26950000000000784,-84.32410423452724
10271,Monero,2020-01-22,65.97,0.9795000000000016,-463.45083487939627
10272,Monero,2020-01-23,65.07,-0.9000000000000057,-191.88361408882125
10273,Monero,2020-01-24,62.55,-2.519999999999996,179.9999999999978
10274,Monero,2020-01-25,61.65,-0.8999999999999986,-64.28571428571428
10275,Monero,2020-01-26,61.2088,-0.44120000000000203,-50.977777777777476
10276,Monero,2020-01-27,64.152,2.9432000000000045,-767.0897552130532
10277,Monero,2020-01-28,65.605,1.453000000000003,-50.631965207936915
10278,Monero,2020-01-29,67.8933,2.2882999999999925,57.487955953199446
10279,Monero,2020-01-30,69.79,1.8967000000000098,-17.1131407595151
10280,Monero,2020-01-31,74.7233,4.9332999999999885,160.09911952338078
10281,Monero,2020-02-01,72.31,-2.4132999999999925,-148.9185737741471
10282,Monero,2020-02-02,73.3333,1.0232999999999919,-142.40251937181432
10283,Monero,2020-02-03,74.89,1.5567000000000064,52.12547639988456
10284,Monero,2020-02-04,76.6667,1.7767000000000053,14.132459690370535
10285,Monero,2020-02-05,75.23,-1.4367000000000019,-180.8633984353013
10286,Monero,2020-02-06,77.82,2.589999999999989,-280.27423957680696
10287,Monero,2020-02-07,78.3,0.480000000000004,-81.46718146718123
10288,Monero,2020-02-08,79.485,1.1850000000000023,146.87499999999844
10289,Monero,2020-02-09,80.5612,1.0762,-9.18143459915629
10290,Monero,2020-02-10,87.677,7.115800000000007,561.1968035681107
10291,Monero,2020-02-11,84.815,-2.862000000000009,-140.22035470361737
10292,Monero,2020-02-12,89.8922,5.077200000000005,-277.4004192872114
10293,Monero,2020-02-13,95.23,5.337800000000001,5.132750334830161
10294,Monero,2020-02-14,92.5767,-2.6533000000000015,-149.70774476376036
10295,Monero,2020-02-15,95.23,2.6533000000000015,-200.0
10296,Monero,2020-02-16,89.14,-6.090000000000003,-329.5254965514642
10297,Monero,2020-02-17,87.7497,-1.3902999999999963,-77.17077175697872
10298,Monero,2020-02-18,82.621,-5.128700000000009,268.8916061281754
10299,Monero,2020-02-19,86.405,3.784000000000006,-173.780880145066
10300,Monero,2020-02-20,77.4178,-8.987200000000001,-337.5052854122618
10301,Monero,2020-02-21,76.505,-0.9128000000000043,-89.8433327398967
10302,Monero,2020-02-22,80.19,3.6850000000000023,-503.7028921998231
10303,Monero,2020-02-23,78.981,-1.2090000000000032,-132.80868385346002
10304,Monero,2020-02-24,85.04,6.059000000000012,-601.1579818031428
10305,Monero,2020-02-25,79.35,-5.690000000000012,-193.90988611982175
10306,Monero,2020-02-26,76.3767,-2.9732999999999947,-47.74516695957841
10307,Monero,2020-02-27,70.204,-6.172700000000006,107.60434534019497
10308,Monero,2020-02-28,70.361,0.1570000000000107,-102.54345748213926
10309,Monero,2020-02-29,68.43,-1.9309999999999974,-1329.9363057323988
10310,Monero,2020-03-01,66.1067,-2.3233000000000033,20.3158984981878
10311,Monero,2020-03-02,64.33,-1.7767000000000053,-23.526879869151518
10312,Monero,2020-03-03,68.75,4.420000000000002,-348.7758203410811
10313,Monero,2020-03-04,65.91,-2.8400000000000034,-164.2533936651584
10314,Monero,2020-03-05,65.72,-0.18999999999999773,-93.30985915492967
10315,Monero,2020-03-06,68.3633,2.6432999999999964,-1491.2105263158044
10316,Monero,2020-03-07,69.2633,0.9000000000000057,-65.95165134490951
10317,Monero,2020-03-08,65.576,-3.6873000000000076,-509.6999999999983
10318,Monero,2020-03-09,56.7393,-8.836699999999993,139.65232012583667
10319,Monero,2020-03-10,55.8697,-0.8695999999999984,-90.15922233412927
10320,Monero,2020-03-11,54.8533,-1.0164000000000044,16.88132474701085
10321,Monero,2020-03-12,54.295,-0.5582999999999956,-45.07083825265711
10322,Monero,2020-03-13,32.5895,-21.7055,3787.784345334081
10323,Monero,2020-03-14,36.762,4.172499999999999,-119.22323834972701
10324,Monero,2020-03-15,36.302,-0.46000000000000085,-111.02456560814862
10325,Monero,2020-03-16,37.8767,1.5747,-442.32608695652107
10326,Monero,2020-03-17,34.3285,-3.5482000000000014,-325.3254588175526
10327,Monero,2020-03-18,36.41,2.0814999999999984,-158.663547714334
10328,Monero,2020-03-19,37.2873,0.8773000000000053,-57.85251020898361
10329,Monero,2020-03-20,40.975,3.6876999999999995,320.346517724835
10330,Monero,2020-03-21,40.37,-0.605000000000004,-116.40588985004214
10331,Monero,2020-03-22,41.125,0.7550000000000026,-224.79338842975167
10332,Monero,2020-03-23,38.1107,-3.0142999999999986,-499.24503311258127
10333,Monero,2020-03-24,44.9218,6.811099999999996,-325.9595926085658
10334,Monero,2020-03-25,47.08,2.158200000000001,-68.31348827648982
10335,Monero,2020-03-26,47.399,0.3190000000000026,-85.21916411824657
10336,Monero,2020-03-27,50.376,2.9769999999999968,833.2288401253832
10337,Monero,2020-03-28,47.217,-3.158999999999999,-206.113537117904
10338,Monero,2020-03-29,47.1813,-0.03569999999999851,-98.86989553656224
10339,Monero,2020-03-30,44.11,-3.071300000000001,8503.081232493358
10340,Monero,2020-03-31,46.4643,2.354300000000002,-176.65483671409504
10341,Monero,2020-04-01,47.67,1.2057000000000002,-48.78732531962795
10342,Monero,2020-04-02,48.6438,0.9737999999999971,-19.233640209007476
10343,Monero,2020-04-03,50.64,1.9962000000000018,104.99075785582335
10344,Monero,2020-04-04,52.9467,2.3066999999999993,15.55455365193854
10345,Monero,2020-04-05,54.2508,1.3040999999999983,-43.4646898166212
10346,Monero,2020-04-06,53.2737,-0.9771000000000001,-174.9252357948011
10347,Monero,2020-04-07,58.8497,5.5760000000000005,-670.6683041653874
10348,Monero,2020-04-08,55.96,-2.8896999999999977,-151.82388809182203
10349,Monero,2020-04-09,57.7133,1.7532999999999959,-160.6741184205972
10350,Monero,2020-04-10,58.4253,0.7120000000000033,-59.39086294416216
10351,Monero,2020-04-11,53.868,-4.557299999999998,-740.0702247190978
10352,Monero,2020-04-12,53.85,-0.018000000000000682,-99.6050292936607
10353,Monero,2020-04-13,53.447,-0.4029999999999987,2138.888888888797
10354,Monero,2020-04-14,53.03,-0.4170000000000016,3.4739454094300015
10355,Monero,2020-04-15,54.0933,1.0632999999999981,-354.9880095923247
10356,Monero,2020-04-16,52.9522,-1.1411000000000016,-207.31684378820682
10357,Monero,2020-04-17,57.094,4.1418000000000035,-462.9655595478045
10358,Monero,2020-04-18,56.31,-0.7839999999999989,-118.9289680815104
10359,Monero,2020-04-19,58.095,1.7849999999999966,-327.67857142857133
10360,Monero,2020-04-20,57.0,-1.0949999999999989,-161.3445378151261
10361,Monero,2020-04-21,54.6527,-2.347299999999997,114.36529680365291
10362,Monero,2020-04-22,55.085,0.4322999999999979,-118.41690452860728
10363,Monero,2020-04-23,57.03,1.9450000000000003,349.91903770529944
10364,Monero,2020-04-24,59.257,2.2269999999999968,14.498714652956114
10365,Monero,2020-04-25,60.7143,1.4573000000000036,-34.56219128872897
10366,Monero,2020-04-26,60.4195,-0.29480000000000217,-120.2291909696014
10367,Monero,2020-04-27,61.7845,1.365000000000002,-563.0257801899565
10368,Monero,2020-04-28,62.27,0.4855000000000018,-64.43223443223435
10369,Monero,2020-04-29,62.1833,-0.08670000000000044,-117.85787847579816
10370,Monero,2020-04-30,66.325,4.1417,-4877.047289504013
10371,Monero,2020-05-01,62.427,-3.8980000000000032,-194.11594272883121
10372,Monero,2020-05-02,63.4003,0.9733000000000018,-124.9692149820421
10373,Monero,2020-05-03,64.4955,1.0952000000000055,12.524401520600371
10374,Monero,2020-05-04,62.355,-2.14050000000001,-295.44375456537614
10375,Monero,2020-05-05,61.145,-1.2099999999999937,-43.471151600094
10376,Monero,2020-05-06,60.36,-0.7850000000000037,-35.12396694214812
10377,Monero,2020-05-07,57.765,-2.594999999999999,230.57324840764161
10378,Monero,2020-05-08,64.605,6.840000000000003,-363.583815028902
10379,Monero,2020-05-09,63.42,-1.1850000000000023,-117.3245614035088
10380,Monero,2020-05-10,62.9793,-0.44069999999999965,-62.81012658227858
10381,Monero,2020-05-11,58.88,-4.0992999999999995,830.1792602677565
10382,Monero,2020-05-12,59.23,0.3499999999999943,-108.53804308052581
10383,Monero,2020-05-13,61.455,2.2250000000000014,535.7142857142965
10384,Monero,2020-05-14,65.0567,3.601700000000008,61.87415730337105
10385,Monero,2020-05-15,65.25,0.1932999999999936,-94.63308992975558
10386,Monero,2020-05-16,62.77,-2.479999999999997,-1382.9798241076458
10387,Monero,2020-05-17,65.232,2.461999999999996,-199.27419354838707
10388,Monero,2020-05-18,65.22,-0.012000000000000455,-100.48740861088548
10389,Monero,2020-05-19,67.01,1.7900000000000063,-15016.666666666155
10390,Monero,2020-05-20,66.495,-0.5150000000000006,-128.77094972067033
10391,Monero,2020-05-21,64.578,-1.9170000000000016,272.23300970873777
10392,Monero,2020-05-22,61.4933,-3.084700000000005,60.91288471570175
10393,Monero,2020-05-23,62.9,1.4067000000000007,-145.60248970726485
10394,Monero,2020-05-24,63.38,0.480000000000004,-65.87758583919786
10395,Monero,2020-05-25,60.2665,-3.113500000000002,-748.6458333333284
10396,Monero,2020-05-26,61.495,1.2284999999999968,-139.45720250521907
10397,Monero,2020-05-27,61.92,0.42500000000000426,-65.40496540496497
10398,Monero,2020-05-28,64.4857,2.5656999999999925,503.694117647051
10399,Monero,2020-05-29,67.1977,2.7120000000000033,5.70214756206926
10400,Monero,2020-05-30,66.11,-1.0876999999999981,-140.1069321533922
10401,Monero,2020-05-31,68.3247,2.2147000000000077,-303.61312862002495
10402,Monero,2020-06-01,64.72,-3.6047000000000082,-262.7624508962837
10403,Monero,2020-06-02,67.8468,3.126800000000003,-186.74230865259233
10404,Monero,2020-06-03,66.54,-1.3067999999999955,-141.793526928489
10405,Monero,2020-06-04,67.1995,0.6594999999999942,-150.46678910315245
10406,Monero,2020-06-05,68.2,1.0005000000000024,51.70583775587736
10407,Monero,2020-06-06,67.1933,-1.0067000000000093,-200.61969015492323
10408,Monero,2020-06-07,67.63,0.43670000000000186,-143.37935829939386
10409,Monero,2020-06-08,66.43,-1.1999999999999886,-374.7881841080796
10410,Monero,2020-06-09,68.4333,2.003299999999996,-266.9416666666679
10411,Monero,2020-06-10,68.03,-0.40330000000000155,-120.13178255877814
10412,Monero,2020-06-11,69.77,1.7399999999999949,-531.4406149268505
10413,Monero,2020-06-12,63.577,-6.192999999999998,-455.91954022988597
10414,Monero,2020-06-13,65.69,2.1129999999999995,-134.1191668012272
10415,Monero,2020-06-14,66.55,0.8599999999999994,-59.299574065310004
10416,Monero,2020-06-15,65.3395,-1.2104999999999961,-240.75581395348803
10417,Monero,2020-06-16,64.49,-0.8495000000000061,-29.822387443204555
10418,Monero,2020-06-17,65.995,1.5050000000000097,-277.16303708063555
10419,Monero,2020-06-18,65.145,-0.8500000000000085,-156.47840531561482
10420,Monero,2020-06-19,64.8887,-0.256299999999996,-69.84705882353019
10421,Monero,2020-06-20,64.055,-0.8336999999999932,225.28287163480542
10422,Monero,2020-06-21,64.11,0.05499999999999261,-106.5970972771972
10423,Monero,2020-06-22,64.48,0.37000000000000455,572.7272727273713
10424,Monero,2020-06-23,66.15,1.6700000000000017,351.35135135134624
10425,Monero,2020-06-24,66.8633,0.7132999999999896,-57.287425149701264
10426,Monero,2020-06-25,64.77,-2.0932999999999993,-393.4669844385293
10427,Monero,2020-06-26,64.26,-0.5099999999999909,-75.63655472220938
10428,Monero,2020-06-27,63.9967,-0.2633000000000081,-48.37254901960534
10429,Monero,2020-06-28,62.0467,-1.9499999999999957,640.6000759589577
10430,Monero,2020-06-29,63.38,1.3333000000000013,-168.37435897435918
10431,Monero,2020-06-30,64.1933,0.813299999999991,-39.00097502437634
10432,Monero,2020-07-01,63.4733,-0.7199999999999918,-188.52821836960527
10433,Monero,2020-07-02,64.48,1.0067000000000021,-239.81944444444636
10434,Monero,2020-07-03,65.255,0.7749999999999915,-23.015794179001702
10435,Monero,2020-07-04,62.5933,-2.661699999999996,-443.4451612903258
10436,Monero,2020-07-05,64.16,1.5666999999999973,-158.86087838599389
10437,Monero,2020-07-06,63.3315,-0.8284999999999982,-152.88185357758343
10438,Monero,2020-07-07,64.9708,1.6392999999999986,-297.8636089318047
10439,Monero,2020-07-08,64.6933,-0.2775000000000034,-116.92795705484072
10440,Monero,2020-07-09,66.2167,1.5234000000000094,-648.9729729729696
10441,Monero,2020-07-10,67.29,1.0733000000000033,-29.54575292109777
10442,Monero,2020-07-11,67.3633,0.07329999999998904,-93.1705953601054
10443,Monero,2020-07-12,68.722,1.358699999999999,1753.615279672854
10444,Monero,2020-07-13,69.3,0.578000000000003,-57.45933613012413
10445,Monero,2020-07-14,69.18,-0.11999999999999034,-120.76124567473872
10446,Monero,2020-07-15,67.8967,-1.2833000000000112,969.4166666667621
10447,Monero,2020-07-16,70.6875,2.7908000000000044,-317.47058365152185
10448,Monero,2020-07-17,67.735,-2.9525000000000006,-205.79403755195628
10449,Monero,2020-07-18,67.55,-0.18500000000000227,-93.73412362404734
10450,Monero,2020-07-19,68.34,0.7900000000000063,-527.0270270270252
10451,Monero,2020-07-20,68.9567,0.6166999999999945,-21.936708860760813
10452,Monero,2020-07-21,69.2367,0.28000000000000114,-54.597048808171934
10453,Monero,2020-07-22,69.76,0.5233000000000061,86.89285714285857
10454,Monero,2020-07-23,71.525,1.7650000000000006,237.28262946684123
10455,Monero,2020-07-24,72.95,1.4249999999999972,-19.263456090651744
10456,Monero,2020-07-25,71.665,-1.2849999999999966,-190.17543859649115
10457,Monero,2020-07-26,73.63,1.9649999999999892,-252.91828793774275
10458,Monero,2020-07-27,78.19,4.560000000000002,132.0610687022915
10459,Monero,2020-07-28,78.77,0.5799999999999983,-87.280701754386
10460,Monero,2020-07-29,81.3167,2.5467000000000013,339.0862068965532
10461,Monero,2020-07-30,79.085,-2.2317000000000036,-187.6310519495819
10462,Monero,2020-07-31,81.15,2.065000000000012,-192.53035802303216
10463,Monero,2020-08-01,84.71,3.559999999999988,72.39709443099116
10464,Monero,2020-08-02,89.671,4.961000000000013,39.35393258427049
10465,Monero,2020-08-03,84.9797,-4.6913000000000125,-194.56359604918364
10466,Monero,2020-08-04,89.12,4.1403000000000105,-188.25485473109796
10467,Monero,2020-08-05,87.32,-1.8000000000000114,-143.47511049923935
10468,Monero,2020-08-06,90.3,2.980000000000004,-265.5555555555547
10469,Monero,2020-08-07,95.455,5.155000000000001,72.98657718120786
10470,Monero,2020-08-08,93.87,-1.5849999999999937,-130.74684772065945
10471,Monero,2020-08-09,94.909,1.0390000000000015,-165.55205047318648
10472,Monero,2020-08-10,92.8933,-2.0157000000000096,-294.003849855631
10473,Monero,2020-08-11,93.745,0.8517000000000081,-142.2533115046884
10474,Monero,2020-08-12,87.12,-6.625,-877.8560526006736
10475,Monero,2020-08-13,89.465,2.344999999999999,-135.39622641509433
10476,Monero,2020-08-14,92.2003,2.735299999999995,16.64392324093802
10477,Monero,2020-08-15,91.52,-0.6803000000000026,-124.87112930939948
10478,Monero,2020-08-16,89.81,-1.7099999999999937,151.35969425253379
10479,Monero,2020-08-17,91.3132,1.5031999999999925,-187.9064327485379
10480,Monero,2020-08-18,93.4,2.086800000000011,38.82384246940003
10481,Monero,2020-08-19,93.69,0.28999999999999204,-86.10312440099719
10482,Monero,2020-08-20,91.305,-2.384999999999991,-922.4137931034678
10483,Monero,2020-08-21,101.6467,10.341699999999989,-533.6142557652004
10484,Monero,2020-08-22,92.145,-9.5017,-191.87754431089675
10485,Monero,2020-08-23,94.5497,2.4047000000000054,-125.30810276055871
10486,Monero,2020-08-24,91.28,-3.2697000000000003,-235.97122302158243
10487,Monero,2020-08-25,93.7,2.4200000000000017,-174.0129063828486
10488,Monero,2020-08-26,88.5707,-5.129300000000001,-311.9545454545453
10489,Monero,2020-08-27,88.925,0.35429999999999495,-106.90737527537861
10490,Monero,2020-08-28,89.8443,0.9193000000000069,159.46937623483487
10491,Monero,2020-08-29,94.5633,4.718999999999994,413.3253562493157
10492,Monero,2020-08-30,92.68,-1.8832999999999913,-139.90887899978793
10493,Monero,2020-08-31,96.5325,3.852499999999992,-304.5611426750921
10494,Monero,2020-09-01,93.16,-3.3725000000000023,-187.5405580791696
10495,Monero,2020-09-02,96.9267,3.7667,-211.6886582653817
10496,Monero,2020-09-03,91.1233,-5.803399999999996,-254.07120290970866
10497,Monero,2020-09-04,77.4798,-13.643500000000003,135.09494434297156
10498,Monero,2020-09-05,82.3563,4.876500000000007,-135.742294865687
10499,Monero,2020-09-06,77.625,-4.7313000000000045,-197.0224546293448
10500,Monero,2020-09-07,80.025,2.4000000000000057,-150.72601610551018
10501,Monero,2020-09-08,82.875,2.8499999999999943,18.74999999999949
10502,Monero,2020-09-09,84.12,1.2450000000000045,-56.315789473683964
10503,Monero,2020-09-10,84.355,0.23499999999999943,-81.12449799196798
10504,Monero,2020-09-11,85.67,1.3149999999999977,459.5744680851068
10505,Monero,2020-09-12,84.4582,-1.2117999999999967,-192.15209125475275
10506,Monero,2020-09-13,86.655,2.196799999999996,-281.2840402706719
10507,Monero,2020-09-14,85.98,-0.6749999999999972,-130.7265112891478
10508,Monero,2020-09-15,91.705,5.724999999999994,-948.148148148151
10509,Monero,2020-09-16,91.065,-0.6400000000000006,-111.17903930131006
10510,Monero,2020-09-17,88.355,-2.7099999999999937,323.4374999999987
10511,Monero,2020-09-18,92.83,4.474999999999994,-265.1291512915131
10512,Monero,2020-09-19,92.4968,-0.33320000000000505,-107.44581005586605
10513,Monero,2020-09-20,94.6053,2.1085000000000065,-732.8031212484918
10514,Monero,2020-09-21,92.5497,-2.0555999999999983,-197.49110742233776
10515,Monero,2020-09-22,89.25,-3.2997000000000014,60.522475189725824
10516,Monero,2020-09-23,92.57,3.319999999999993,-200.61520744310064
10517,Monero,2020-09-24,87.1,-5.469999999999999,-264.75903614457866
10518,Monero,2020-09-25,91.84,4.740000000000009,-186.6544789762342
10519,Monero,2020-09-26,93.3287,1.4886999999999944,-68.59282700421959
10520,Monero,2020-09-27,94.55,1.2212999999999994,-17.96198025122563
10521,Monero,2020-09-28,97.3843,2.834299999999999,132.072381888152
10522,Monero,2020-09-29,94.9237,-2.4605999999999995,-186.81508661750698
10523,Monero,2020-09-30,100.6225,5.698800000000006,-331.60204828090735
10524,Monero,2020-10-01,108.7175,8.094999999999999,42.047448585667
10525,Monero,2020-10-02,103.495,-5.222499999999997,-164.51513279802344
10526,Monero,2020-10-03,101.69,-1.8050000000000068,-65.4380086165628
10527,Monero,2020-10-04,103.53,1.8400000000000034,-201.939058171745
10528,Monero,2020-10-05,105.5167,1.986699999999999,7.972826086956264
10529,Monero,2020-10-06,113.0025,7.485799999999998,276.7956913474607
10530,Monero,2020-10-07,106.4225,-6.579999999999998,-187.89975687301293
10531,Monero,2020-10-08,110.2667,3.8442000000000007,-158.42249240121583
10532,Monero,2020-10-09,111.2675,1.0007999999999981,-73.96597471515535
10533,Monero,2020-10-10,116.04,4.772500000000008,376.86850519584505
10534,Monero,2020-10-11,115.93,-0.10999999999999943,-102.30487166055524
10535,Monero,2020-10-12,125.8167,9.88669999999999,-9087.909090909128
10536,Monero,2020-10-13,129.035,3.2182999999999993,-67.44818796969663
10537,Monero,2020-10-14,128.47,-0.5649999999999977,-117.55585246869458
10538,Monero,2020-10-15,128.29,-0.18000000000000682,-68.14159292035265
10539,Monero,2020-10-16,131.87,3.5800000000000125,-2088.8888888888205
10540,Monero,2020-10-17,120.7525,-11.117500000000007,-410.5446927374293
10541,Monero,2020-10-18,119.99,-0.7625000000000028,-93.1414436698898
10542,Monero,2020-10-19,124.565,4.575000000000003,-699.9999999999982
10543,Monero,2020-10-20,125.8067,1.2417000000000087,-72.85901639344246
10544,Monero,2020-10-21,117.98,-7.826700000000002,-730.3213336554682
10545,Monero,2020-10-22,121.32,3.339999999999989,-142.6744349470401
10546,Monero,2020-10-23,127.3567,6.03670000000001,80.73952095808473
10547,Monero,2020-10-24,127.595,0.2382999999999953,-96.05247900342911
10548,Monero,2020-10-25,129.32,1.7249999999999943,623.8774653797853
10549,Monero,2020-10-26,131.1033,1.783299999999997,3.3797101449277056
10550,Monero,2020-10-27,131.3433,0.2400000000000091,-86.54180451971013
10551,Monero,2020-10-28,133.845,2.5016999999999996,942.3749999999604
10552,Monero,2020-10-29,126.295,-7.549999999999997,-401.79477954990597
10553,Monero,2020-10-30,124.3267,-1.9682999999999993,-73.9298013245033
10554,Monero,2020-10-31,122.9975,-1.3292000000000002,-32.46964385510336
10555,Monero,2020-11-01,125.9675,2.969999999999999,-323.4426722840806
10556,Monero,2020-11-02,127.0533,1.0857999999999919,-63.441077441077695
10557,Monero,2020-11-03,118.855,-8.198299999999989,-855.046969976059
10558,Monero,2020-11-04,121.36,2.5049999999999955,-130.55511508483463
10559,Monero,2020-11-05,115.79,-5.569999999999993,-322.3552894211578
10560,Monero,2020-11-06,119.605,3.8149999999999977,-168.49192100538605
10561,Monero,2020-11-07,119.435,-0.1700000000000017,-104.45609436435129
10562,Monero,2020-11-08,110.9375,-8.497500000000002,4898.529411764657
10563,Monero,2020-11-09,120.2267,9.289199999999994,-209.3168578993821
10564,Monero,2020-11-10,115.8,-4.426699999999997,-147.65426516815225
10565,Monero,2020-11-11,115.5967,-0.2032999999999987,-95.40741410079747
10566,Monero,2020-11-12,113.28,-2.3166999999999973,1039.5474667978415
10567,Monero,2020-11-13,112.28,-1.0,-56.83515345102943
10568,Monero,2020-11-14,114.07,1.789999999999992,-278.9999999999992
10569,Monero,2020-11-15,116.7867,2.716700000000003,51.77094972067125
10570,Monero,2020-11-16,114.4167,-2.3699999999999903,-187.23819339639957
10571,Monero,2020-11-17,118.415,3.9983000000000004,-268.70464135021166
10572,Monero,2020-11-18,125.44,7.0249999999999915,75.69967236075308
10573,Monero,2020-11-19,123.7367,-1.7032999999999987,-124.24626334519573
10574,Monero,2020-11-20,118.4633,-5.273399999999995,209.5990136793283
10575,Monero,2020-11-21,121.05,2.5866999999999933,-149.05184510941697
10576,Monero,2020-11-22,128.545,7.49499999999999,189.7514207291147
10577,Monero,2020-11-23,124.0475,-4.497499999999988,-160.00667111407597
10578,Monero,2020-11-24,130.12,6.072500000000005,-235.0194552529188
10579,Monero,2020-11-25,135.3625,5.242500000000007,-13.668176204199224
10580,Monero,2020-11-26,128.7475,-6.615000000000009,-226.18025751072963
10581,Monero,2020-11-27,120.1167,-8.630800000000008,30.47316704459555
10582,Monero,2020-11-28,117.3775,-2.7391999999999967,-68.26250173796178
10583,Monero,2020-11-29,121.7833,4.405799999999999,-260.8425817757011
10584,Monero,2020-11-30,124.32,2.536699999999996,-42.42362340551099
10585,Monero,2020-12-01,130.59,6.27000000000001,147.17152205621554
10586,Monero,2020-12-02,125.5767,-5.013300000000001,-179.95693779904295
10587,Monero,2020-12-03,127.83,2.253299999999996,-144.9464424630482
10588,Monero,2020-12-04,133.3667,5.53670000000001,145.7151733013811
10589,Monero,2020-12-05,126.7325,-6.634200000000007,-219.82227680748449
10590,Monero,2020-12-06,133.5233,6.790800000000004,-202.3604956136384
10591,Monero,2020-12-07,134.345,0.8216999999999928,-87.8998056193675
10592,Monero,2020-12-08,138.7925,4.447499999999991,441.25593282220154
10593,Monero,2020-12-09,135.9433,-2.849199999999996,-164.06295671725695
10594,Monero,2020-12-10,133.1025,-2.8408000000000015,-0.29481959848359773
10595,Monero,2020-12-11,133.99,0.887500000000017,-131.24119966206763
10596,Monero,2020-12-12,141.9775,7.987499999999983,799.9999999999808
10597,Monero,2020-12-13,146.3467,4.369200000000006,-45.29953051643173
10598,Monero,2020-12-14,151.91,5.563299999999998,27.329945985534888
10599,Monero,2020-12-15,152.635,0.7249999999999943,-86.96816637607185
10600,Monero,2020-12-16,150.7567,-1.8782999999999959,-359.07586206896696
10601,Monero,2020-12-17,158.885,8.128299999999996,-532.7476973859349
10602,Monero,2020-12-18,160.24,1.3550000000000182,-83.32984756960226
10603,Monero,2020-12-19,154.5925,-5.647500000000008,-516.7896678966739
10604,Monero,2020-12-20,154.0833,-0.5091999999999928,-90.98362107127062
10605,Monero,2020-12-21,152.1133,-1.9699999999999989,286.8813825608851
10606,Monero,2020-12-22,145.63,-6.483300000000014,229.10152284264052
10607,Monero,2020-12-23,156.74,11.110000000000014,-271.36334891181946
10608,Monero,2020-12-24,150.105,-6.635000000000019,-159.72097209720982
10609,Monero,2020-12-25,157.1525,7.047500000000014,-206.21703089675952
10610,Monero,2020-12-26,159.23,2.0774999999999864,-70.52146151117442
10611,Monero,2020-12-27,168.0775,8.847499999999997,325.8724428399545
10612,Monero,2020-12-28,157.7275,-10.349999999999994,-216.98219836111895
10613,Monero,2020-12-29,166.4867,8.759200000000021,-184.6299516908215
10614,Monero,2020-12-30,161.9675,-4.519200000000012,-151.59375285414194
10615,Monero,2020-12-31,159.775,-2.1924999999999955,-51.48477606656068
10616,Monero,2021-01-01,156.425,-3.3499999999999943,52.79361459521101
10617,Monero,2021-01-02,135.3125,-21.11250000000001,530.2238805970163
10618,Monero,2021-01-03,143.4333,8.120800000000003,-138.46441681468323
10619,Monero,2021-01-04,138.73,-4.703300000000013,-157.9167077135259
10620,Monero,2021-01-05,134.115,-4.614999999999981,-1.8774052261185115
10621,Monero,2021-01-06,136.73,2.6149999999999807,-156.66305525460436
10622,Monero,2021-01-07,142.46,5.730000000000018,119.1204588910157
10623,Monero,2021-01-08,142.915,0.4549999999999841,-92.05933682373504
10624,Monero,2021-01-09,141.8967,-1.0182999999999822,-323.80219780220176
10625,Monero,2021-01-10,147.9325,6.035799999999995,-692.7329863498085
10626,Monero,2021-01-11,186.105,38.172499999999985,532.4348056595649
10627,Monero,2021-01-12,158.125,-27.97999999999999,-173.29884078852578
10628,Monero,2021-01-13,158.9833,0.858300000000014,-103.06754824874915
10629,Monero,2021-01-14,171.2833,12.299999999999983,1333.0653617615963
10630,Monero,2021-01-15,163.9,-7.383299999999991,-160.02682926829272
10631,Monero,2021-01-16,157.1133,-6.786699999999996,-8.080397654165427
10632,Monero,2021-01-17,155.4833,-1.6299999999999955,-75.98243623557846
10633,Monero,2021-01-18,159.93,4.446699999999993,-372.80368098159545
10634,Monero,2021-01-19,156.9733,-2.956700000000012,-166.49200530730693
10635,Monero,2021-01-20,156.82,-0.15330000000000155,-94.81516555619439
10636,Monero,2021-01-21,153.0733,-3.746700000000004,2344.031311154577
10637,Monero,2021-01-22,130.3133,-22.75999999999999,507.4679050898115
10638,Monero,2021-01-23,135.52,5.206700000000012,-122.87653778558882
10639,Monero,2021-01-24,138.9633,3.4432999999999936,-33.86790097374565
10640,Monero,2021-01-25,138.1,-0.8633000000000095,-125.07187872099472
10641,Monero,2021-01-26,136.7525,-1.3474999999999966,56.087107610330335
10642,Monero,2021-01-27,138.04,1.2874999999999943,-195.54730983302395
10643,Monero,2021-01-28,125.51,-12.529999999999987,-1073.2038834951488
10644,Monero,2021-01-29,135.45,9.939999999999984,-179.32960893854744
10645,Monero,2021-01-30,140.5733,5.1233,-48.457746478873155
10646,Monero,2021-01-31,139.12,-1.4532999999999845,-128.36648254054973
10647,Monero,2021-02-01,137.52,-1.5999999999999943,10.094268217161728
10648,Monero,2021-02-02,143.7533,6.233299999999986,-489.5812500000005
10649,Monero,2021-02-03,152.01,8.256699999999995,32.461136155808546
10650,Monero,2021-02-04,154.7967,2.786699999999996,-66.24922789976628
10651,Monero,2021-02-05,148.455,-6.341699999999975,-327.5702443750667
10652,Monero,2021-02-06,155.6825,7.227499999999992,-213.96786350663106
10653,Monero,2021-02-07,151.73,-3.952500000000015,-154.6869595295748
10654,Monero,2021-02-08,150.575,-1.1550000000000011,-70.77798861480085
10655,Monero,2021-02-09,163.595,13.02000000000001,-1227.272727272727
10656,Monero,2021-02-10,169.71,6.115000000000009,-53.03379416282639
10657,Monero,2021-02-11,176.1875,6.477499999999992,5.928045789043046
10658,Monero,2021-02-12,191.125,14.9375,130.60594365110023
10659,Monero,2021-02-13,201.7125,10.587500000000006,-29.121338912133854
10660,Monero,2021-02-14,242.0525,40.34,281.01534828807536
10661,Monero,2021-02-15,231.16,-10.892500000000013,-127.00173525037187
10662,Monero,2021-02-16,228.5275,-2.632499999999993,-75.83199449162277
10663,Monero,2021-02-17,221.3033,-7.224199999999996,174.42355175688564
10664,Monero,2021-02-18,273.5825,52.279199999999975,-823.6676725450568
10665,Monero,2021-02-19,261.375,-12.207499999999982,-123.35058684907187
10666,Monero,2021-02-20,284.2575,22.882499999999993,-287.44624206430495
10667,Monero,2021-02-21,255.5925,-28.664999999999992,-225.27040314650932
10668,Monero,2021-02-22,248.5275,-7.064999999999998,-75.35321821036108
10669,Monero,2021-02-23,225.0575,-23.47,232.20099079971698
10670,Monero,2021-02-24,221.52,-3.5374999999999943,-84.92756710694506
10671,Monero,2021-02-25,205.2525,-16.267500000000013,359.85865724381733
10672,Monero,2021-02-26,197.8825,-7.3700000000000045,-54.69494390656217
10673,Monero,2021-02-27,204.4267,6.544200000000018,-188.79511533242894
10674,Monero,2021-02-28,209.29,4.863299999999981,-25.685339690107767
10675,Monero,2021-03-01,220.0467,10.756699999999995,121.1810910287261
10676,Monero,2021-03-02,230.7725,10.72580000000002,-0.2872628222407858
10677,Monero,2021-03-03,218.8625,-11.909999999999997,-211.04066829513854
10678,Monero,2021-03-04,218.0733,-0.7892000000000223,-93.37363560033566
10679,Monero,2021-03-05,217.3833,-0.6899999999999977,-12.569690826155833
10680,Monero,2021-03-06,206.5933,-10.789999999999992,1463.768115942033
10681,Monero,2021-03-07,205.56,-1.033299999999997,-90.42354031510659
10682,Monero,2021-03-08,209.2333,3.673300000000012,-455.4921126487972
10683,Monero,2021-03-09,221.285,12.051699999999983,228.08918411237698
10684,Monero,2021-03-10,225.5367,4.2517,-64.7211596704199
10685,Monero,2021-03-11,220.91,-4.6267,-208.82000141120022
10686,Monero,2021-03-12,221.3267,0.41669999999999163,-109.00641926210888
10687,Monero,2021-03-13,222.9067,1.5800000000000125,279.1696664266965
10688,Monero,2021-03-14,239.39,16.483299999999986,943.2468354430288
10689,Monero,2021-03-15,232.65,-6.739999999999981,-140.88987035363056
10690,Monero,2021-03-16,221.0925,-11.557500000000005,71.476261127597
10691,Monero,2021-03-17,230.01,8.91749999999999,-177.1576898118104
10692,Monero,2021-03-18,236.63,6.6200000000000045,-25.763947294645227
10693,Monero,2021-03-19,227.6375,-8.992500000000007,-235.83836858006046
10694,Monero,2021-03-20,231.76,4.122500000000002,-145.84375868779537
10695,Monero,2021-03-21,231.335,-0.42499999999998295,-110.30927835051504
10696,Monero,2021-03-22,231.8275,0.4924999999999784,-215.88235294117607
10697,Monero,2021-03-23,217.565,-14.262499999999989,-2995.9390862945406
10698,Monero,2021-03-24,217.66,0.09499999999999886,-100.66608238387377
10699,Monero,2021-03-25,210.465,-7.194999999999993,-7673.684210526399
10700,Monero,2021-03-26,215.1233,4.658299999999997,-164.74357192494787
10701,Monero,2021-03-27,221.978,6.854700000000008,47.1502479445294
10702,Monero,2021-03-28,221.905,-0.0730000000000075,-101.0649627263047
10703,Monero,2021-03-29,234.566,12.661000000000001,-17443.835616436576
10704,Monero,2021-03-30,233.91,-0.6560000000000059,-105.18126530289871
10705,Monero,2021-03-31,245.496,11.586000000000013,-1866.1585365853518
10706,Monero,2021-04-01,245.09,-0.4060000000000059,-103.5042292421889
10707,Monero,2021-04-02,250.4325,5.342500000000001,-1415.8866995073704
10708,Monero,2021-04-03,257.8175,7.384999999999991,38.23116518483835
10709,Monero,2021-04-04,256.17,-1.6474999999999795,-122.30873392010808
10710,Monero,2021-04-05,263.58,7.409999999999968,-549.7723823975757
10711,Monero,2021-04-06,265.896,2.316000000000031,-68.74493927125451
10712,Monero,2021-04-07,271.1167,5.220699999999965,125.4188255613081
10713,Monero,2021-04-08,258.78,-12.336700000000008,-336.3035608251784
10714,Monero,2021-04-09,270.07,11.29000000000002,-191.51555926625446
10715,Monero,2021-04-10,273.225,3.1550000000000296,-72.05491585473848
10716,Monero,2021-04-11,293.2075,19.98249999999996,533.3597464342241
10717,Monero,2021-04-12,331.024,37.81650000000002,89.24809208057098
10718,Monero,2021-04-13,314.236,-16.78800000000001,-144.39332037602634
10719,Monero,2021-04-14,327.88,13.644000000000005,-181.27233738384558
10720,Monero,2021-04-15,321.004,-6.875999999999976,-150.3957783641159
10721,Monero,2021-04-16,345.89,24.885999999999967,-461.92553810354934
10722,Monero,2021-04-17,340.846,-5.043999999999983,-120.26842401350153
10723,Monero,2021-04-18,367.126,26.279999999999973,-621.0150674068212
10724,Monero,2021-04-19,338.484,-28.641999999999996,-208.98782343987835
10725,Monero,2021-04-20,359.504,21.02000000000004,-173.38872983730204
10726,Monero,2021-04-21,403.048,43.54399999999998,107.15509039010418
10727,Monero,2021-04-22,375.752,-27.295999999999992,-162.68601873966563
10728,Monero,2021-04-23,344.76,-30.99200000000002,13.540445486518271
10729,Monero,2021-04-24,354.38,9.620000000000005,-131.04026845637583
10730,Monero,2021-04-25,383.47,29.090000000000032,202.3908523908526
10731,Monero,2021-04-26,354.8267,-28.64330000000001,-198.46442076314878
10732,Monero,2021-04-27,408.098,53.2713,-285.98171300094606
10733,Monero,2021-04-28,400.154,-7.944000000000017,-114.91234492118649
10734,Monero,2021-04-29,412.432,12.27800000000002,-254.55689828801607
10735,Monero,2021-04-30,407.3033,-5.128700000000038,-141.77146115002466
10736,Monero,2021-05-01,421.054,13.750699999999995,-368.11277711700615
10737,Monero,2021-05-02,425.884,4.830000000000041,-64.87451547921165
10738,Monero,2021-05-03,404.3833,-21.500699999999995,-545.1490683229774
10739,Monero,2021-05-04,411.758,7.374699999999962,-134.2998134944442
10740,Monero,2021-05-05,378.852,-32.906000000000006,-546.2012014048053
10741,Monero,2021-05-06,417.535,38.68300000000005,-217.5560688020423
10742,Monero,2021-05-07,424.44,6.904999999999973,-82.14978155779033
10743,Monero,2021-05-08,453.814,29.374000000000024,325.40188269370225
10744,Monero,2021-05-09,476.304,22.489999999999952,-23.435691427793515
10745,Monero,2021-05-10,482.688,6.3840000000000146,-71.61405068919507
10746,Monero,2021-05-11,439.462,-43.226,-777.0989974937328
10747,Monero,2021-05-12,453.6467,14.18470000000002,-132.8152038125203
10748,Monero,2021-05-13,395.804,-57.842700000000036,-507.78232884727873
10749,Monero,2021-05-14,402.185,6.381000000000029,-111.03164271377378
10750,Monero,2021-05-15,412.755,10.569999999999993,65.64801755210696
10751,Monero,2021-05-16,384.21,-28.545000000000016,-370.0567644276257
10752,Monero,2021-05-17,390.0175,5.8075000000000045,-120.34506918899983
10753,Monero,2021-05-18,341.206,-48.81149999999997,-940.4907447266453
10754,Monero,2021-05-19,342.118,0.9119999999999777,-101.86841215697116
10755,Monero,2021-05-20,205.788,-136.32999999999998,-15048.464912281066
10756,Monero,2021-05-21,287.1525,81.36449999999996,-159.68202156531942
10757,Monero,2021-05-22,256.652,-30.500499999999988,-137.48625014594816
10758,Monero,2021-05-23,231.1525,-25.499499999999983,-16.396452517171866
10759,Monero,2021-05-24,227.596,-3.5564999999999998,-86.05266769936665
10760,Monero,2021-05-25,254.828,27.232,-865.6966118374808
10761,Monero,2021-05-26,247.552,-7.2760000000000105,-126.71856639247947
10762,Monero,2021-05-27,267.892,20.340000000000003,-379.5492028587132
10763,Monero,2021-05-28,250.954,-16.937999999999988,-183.27433628318576
10764,Monero,2021-05-29,262.342,11.387999999999977,-167.23343960325886
10765,Monero,2021-05-30,242.438,-19.903999999999996,-274.780470670882
10766,Monero,2021-05-31,260.252,17.81400000000002,-189.4995980707397
10767,Monero,2021-06-01,272.52,12.267999999999972,-31.132816885595837
10768,Monero,2021-06-02,266.404,-6.1159999999999854,-149.8532768177372
10769,Monero,2021-06-03,293.66,27.25600000000003,-545.6507521255738
10770,Monero,2021-06-04,309.36,15.699999999999989,-42.39800410918707
10771,Monero,2021-06-05,288.428,-20.932000000000016,-233.32484076433138
10772,Monero,2021-06-06,263.904,-24.524,17.16032868335553
10773,Monero,2021-06-07,272.964,9.060000000000002,-136.94340238134072
10774,Monero,2021-06-08,250.158,-22.80600000000001,-351.7218543046358
10775,Monero,2021-06-09,253.2,3.0420000000000016,-113.33859510655091
10776,Monero,2021-06-10,273.705,20.504999999999995,574.0631163708082
10777,Monero,2021-06-11,255.798,-17.906999999999982,-187.32991953182142
10778,Monero,2021-06-12,242.0225,-13.775499999999994,-23.071983023398634
10779,Monero,2021-06-13,243.5325,1.509999999999991,-110.96148960110335
10780,Monero,2021-06-14,262.346,18.813500000000005,1145.9271523178886
10781,Monero,2021-06-15,275.256,12.909999999999968,-31.3790629069553
10782,Monero,2021-06-16,278.406,3.150000000000034,-75.60030983733508
10783,Monero,2021-06-17,262.566,-15.840000000000032,-602.8571428571385
10784,Monero,2021-06-18,275.87,13.30400000000003,-183.98989898989902
10785,Monero,2021-06-19,265.365,-10.504999999999995,-178.9612146722788
10786,Monero,2021-06-20,268.02,2.6549999999999727,-125.27367920038053
10787,Monero,2021-06-21,264.4425,-3.5774999999999864,-234.74576271186524
10788,Monero,2021-06-22,203.594,-60.8485,1600.8665269042694
10789,Monero,2021-06-23,201.004,-2.5900000000000034,-95.74352695629308
10790,Monero,2021-06-24,218.3075,17.303500000000014,-768.0888030888027
10791,Monero,2021-06-25,226.294,7.986500000000007,-53.844597913716875
10792,Monero,2021-06-26,195.35,-30.944000000000017,-487.45382833531573
10793,Monero,2021-06-27,202.468,7.117999999999995,-123.0028438469493
10794,Monero,2021-06-28,211.5725,9.104500000000002,27.908120258499693
10795,Monero,2021-06-29,213.342,1.769500000000022,-80.5645559887965
10796,Monero,2021-06-30,217.63,4.2879999999999825,142.32834133935742
10797,Monero,2021-07-01,222.0033,4.3733,1.989272388060126
10798,Monero,2021-07-02,205.76,-16.243300000000005,-471.41975167493666
10799,Monero,2021-07-03,211.144,5.3840000000000146,-133.14597403237033
10800,Monero,2021-07-04,214.3375,3.1935000000000002,-40.68536404160491
10801,Monero,2021-07-05,219.288,4.950500000000005,55.01800532331313
10802,Monero,2021-07-06,214.24,-5.048000000000002,-201.96949803050188
10803,Monero,2021-07-07,221.042,6.8019999999999925,-234.74643423137857
10804,Monero,2021-07-08,214.3833,-6.65870000000001,-197.893266686269
10805,Monero,2021-07-09,205.144,-9.239299999999986,38.755312598554845
10806,Monero,2021-07-10,212.57,7.425999999999988,-180.3740543114738
10807,Monero,2021-07-11,209.985,-2.5849999999999795,-134.81012658227826
10808,Monero,2021-07-12,211.61,1.625,-162.86266924564848
10809,Monero,2021-07-13,206.2925,-5.317500000000024,-427.2307692307707
10810,Monero,2021-07-14,203.6425,-2.6499999999999773,-50.16455101081401
10811,Monero,2021-07-15,203.38,-0.26250000000001705,-90.09433962264079
10812,Monero,2021-07-16,196.738,-6.641999999999996,2430.2857142855482
10813,Monero,2021-07-17,192.885,-3.8530000000000086,-41.99036434808776
10814,Monero,2021-07-18,197.3475,4.462500000000006,-215.81884246042034
10815,Monero,2021-07-19,199.1,1.7524999999999977,-60.72829131652671
10816,Monero,2021-07-20,188.9333,-10.166699999999992,-680.1255349500716
10817,Monero,2021-07-21,182.8375,-6.095799999999997,-40.0415080606293
10818,Monero,2021-07-22,196.66,13.822499999999991,-326.7544866957577
10819,Monero,2021-07-23,197.73,1.0699999999999932,-92.25899801049019
10820,Monero,2021-07-24,204.114,6.3840000000000146,496.63551401869677
10821,Monero,2021-07-25,208.41,4.295999999999992,-32.70676691729351
10822,Monero,2021-07-26,213.59,5.180000000000007,20.577281191806705
10823,Monero,2021-07-27,219.054,5.463999999999999,5.482625482625325
10824,Monero,2021-07-28,225.48,6.425999999999988,17.60614934114182
10825,Monero,2021-07-29,234.734,9.254000000000019,44.00871459695046
10826,Monero,2021-07-30,242.138,7.403999999999996,-19.991355089691154
10827,Monero,2021-07-31,242.094,-0.04400000000001114,-100.59427336574839
10828,Monero,2021-08-01,239.404,-2.6899999999999977,6013.636363634811
10829,Monero,2021-08-02,235.72,-3.6839999999999975,36.951672862453556
10830,Monero,2021-08-03,232.6475,-3.072499999999991,-16.598805646037107
10831,Monero,2021-08-04,226.13,-6.5175000000000125,112.12367778681957
10832,Monero,2021-08-05,244.672,18.542,-384.49558879938576
10833,Monero,2021-08-06,252.9133,8.241299999999995,-55.55333836695073
10834,Monero,2021-08-07,263.155,10.24169999999998,24.272869571548018
10835,Monero,2021-08-08,271.51,8.355000000000018,-18.421746389759175
10836,Monero,2021-08-09,257.4433,-14.066699999999969,-268.3626570915612
10837,Monero,2021-08-10,268.8633,11.419999999999959,-181.184641742555
10838,Monero,2021-08-11,266.5075,-2.355799999999988,-120.62872154115583
10839,Monero,2021-08-12,267.4733,0.9658000000000015,-140.99668902283753
10840,Monero,2021-08-13,257.545,-9.928299999999979,-1127.9871609028746
10841,Monero,2021-08-14,273.0825,15.537499999999966,-256.49708409294647
10842,Monero,2021-08-15,271.7333,-1.3491999999999962,-108.68350764279968
10843,Monero,2021-08-16,272.2033,0.4700000000000273,-134.83545804921647
10844,Monero,2021-08-17,267.07,-5.13330000000002,-1192.1914893616429
10845,Monero,2021-08-18,256.6175,-10.452499999999986,103.62145208735018
10846,Monero,2021-08-19,253.0575,-3.5600000000000023,-65.94116240133933
10847,Monero,2021-08-20,263.88,10.822499999999991,-404.00280898876366
10848,Monero,2021-08-21,281.8775,17.997500000000002,66.29706629706646
10849,Monero,2021-08-22,289.01,7.132499999999993,-60.369495763300506
10850,Monero,2021-08-23,306.45,17.439999999999998,144.51454609183335
10851,Monero,2021-08-24,317.8733,11.423299999999983,-34.49942660550468
10852,Monero,2021-08-25,308.15,-9.723299999999995,-185.1181357401102
10853,Monero,2021-08-26,313.962,5.812000000000012,-159.77394505980496
10854,Monero,2021-08-27,291.225,-22.736999999999966,-491.2078458361997
10855,Monero,2021-08-28,315.052,23.826999999999998,-204.79394819017475
10856,Monero,2021-08-29,300.824,-14.228000000000009,-159.71377009275196
10857,Monero,2021-08-30,291.5,-9.324000000000012,-34.4672476806297
10858,Monero,2021-08-31,281.3767,-10.123299999999972,8.572501072500627
10859,Monero,2021-09-01,285.13,3.7532999999999674,-137.0758547114081
10860,Monero,2021-09-02,303.0167,17.88670000000002,376.5592944875223
10861,Monero,2021-09-03,302.5025,-0.5142000000000166,-102.87476169444345
10862,Monero,2021-09-04,303.692,1.1895000000000095,-331.33022170361164
10863,Monero,2021-09-05,304.54,0.8480000000000132,-28.709541824295382
10864,Monero,2021-09-06,315.0175,10.477499999999964,1135.5542452829952
10865,Monero,2021-09-07,315.17,0.15250000000003183,-98.54450011930295
10866,Monero,2021-09-08,263.62,-51.55000000000001,-33903.278688517545
10867,Monero,2021-09-09,257.224,-6.396000000000015,-87.59262851600386
10868,Monero,2021-09-10,261.658,4.434000000000026,-169.32457786116348
10869,Monero,2021-09-11,249.3975,-12.260500000000008,-376.51105096977756
10870,Monero,2021-09-12,249.5,0.10249999999999204,-100.83601810692868
10871,Monero,2021-09-13,256.2925,6.792500000000018,6526.829268293215
10872,Monero,2021-09-14,263.056,6.763499999999965,-0.4269414795738391
10873,Monero,2021-09-15,269.1067,6.050700000000006,-10.538922155688068
10874,Monero,2021-09-16,269.4425,0.3358000000000061,-94.45022889913555
10875,Monero,2021-09-17,264.454,-4.988499999999988,-1585.5568790946686
10876,Monero,2021-09-18,262.54,-1.9139999999999873,-61.6317530319737
10877,Monero,2021-09-19,271.6333,9.0933,-575.0940438871504
10878,Monero,2021-09-20,260.44,-11.193300000000022,-223.09392629738403
10879,Monero,2021-09-21,232.275,-28.164999999999992,151.62373920112867
